pipeline_id,n_features_all,n_features_selected_randomly,use_imputer,imputer_type,use_var_thresholder,var_thresholder_type,use_scaler,scaler_type,use_feature_selector,feature_selector_type,fs_score_func_type,fs_estimator_type,model_type,score_type,score_valid_mean,score_valid_std,score_test,dt_pipe_start_str,seconds_processing,pipeline_file_size
K2LM6E12RYT4MZ49,1764,185,True,SimpleImputer,True,VarianceThreshold,True,MaxAbsScaler,False,None,None,None,ComplementNB,roc_auc_score,0.886083444787509,0.015663464463859262,0.8836601163903062,2026-04-12_13-12-17,6.032776355743408,15123
7R87KKU9PCV5NYBQ,1764,141,True,SimpleImputer,True,VarianceThreshold,True,RobustScaler,False,None,None,None,BernoulliNB,roc_auc_score,0.85676003068614,0.014617595906559833,0.8572008529974491,2026-04-12_13-12-23,6.126179933547974,10944
GXBP1KPW1PFYIAE3,1764,1173,True,KNNImputer,True,VarianceThreshold,True,MinMaxScaler,False,None,None,None,ComplementNB,roc_auc_score,0.889534835445858,0.018538601785960042,0.8970147082270408,2026-04-12_13-12-33,29.019505500793457,236586359
KKIBVHP1UZKDO1DI,1764,1375,True,SimpleImputer,True,VarianceThreshold,True,StandardScaler,False,None,None,None,AdaBoostClassifier,roc_auc_score,0.9801890131981565,0.004159241663359088,0.9831313775510204,2026-04-12_13-13-03,17778.378133535385,264638
NV93CG4ER5KZU8O3,1764,748,True,KNNImputer,True,VarianceThreshold,True,StandardScaler,False,None,None,None,LGBMClassifier,roc_auc_score,0.8851696612007997,0.012685355410724446,0.8896281090561223,2026-04-12_18-09-36,42.30562448501587,152251477
PTVA0AY4O5QLSUZD,1764,1411,True,SimpleImputer,True,VarianceThreshold,True,MinMaxScaler,False,None,None,None,GaussianNB,roc_auc_score,0.8325526913459754,0.013332909015277724,0.8305663066007654,2026-04-12_18-10-30,26.910693407058716,129596
1MYRUVATLM9B6Q0T,1764,978,True,KNNImputer,True,VarianceThreshold,True,MinMaxScaler,False,None,None,None,KNeighborsClassifier,roc_auc_score,0.8557044313178596,0.01364926695745381,0.8495535714285714,2026-04-12_18-11-02,6537.832982540131,361720510
39MFWM2B5RULXSJ8,1764,314,True,SimpleImputer,True,VarianceThreshold,True,StandardScaler,False,None,None,None,BernoulliNB,roc_auc_score,0.8171844730276551,0.012876452262456352,0.8210581752232142,2026-04-12_20-03-49,8.283157110214233,19996
HV9522X021EJD2S3,1764,463,True,SimpleImputer,True,VarianceThreshold,False,None,False,None,None,None,NearestCentroid,roc_auc_score,0.8288957275499351,0.017710625767836278,0.8464693279655611,2026-04-12_20-04-10,9.123305082321167,28315
60PRJ77TAYZ3OZG3,1764,1554,True,SimpleImputer,True,VarianceThreshold,True,RobustScaler,False,None,None,None,AdaBoostClassifier,roc_auc_score,0.9695566127436648,0.007076954180622566,0.9671635841836734,2026-04-12_20-04-20,8963.5630235672,156065
D354JLX3VN0TONGF,1764,608,True,KNNImputer,True,VarianceThreshold,True,StandardScaler,False,None,None,None,LGBMClassifier,roc_auc_score,0.9553756181550858,0.008449564856092249,0.9597603435905613,2026-04-12_22-35-32,272.932564496994,123983015
G8W3PWZ13JGLMH4O,1764,1521,True,SimpleImputer,True,VarianceThreshold,False,None,False,None,None,None,NearestCentroid,roc_auc_score,0.8349603183297674,0.014213588767498357,0.8502221181441327,2026-04-12_22-40-11,46.85911536216736,90824
SLYZA07S9DE135OO,1764,412,True,KNNImputer,True,VarianceThreshold,True,StandardScaler,False,None,None,None,NearestCentroid,roc_auc_score,0.8239199164171243,0.019566655243402266,0.833429029815051,2026-04-12_22-41-02,10.416000604629517,83085516
9RPJ6T3BKGTQ3BAI,1764,1234,True,SimpleImputer,True,VarianceThreshold,True,StandardScaler,False,None,None,None,GradientBoostingClassifier,roc_auc_score,0.8050009754507705,0.01522095559578569,0.7968055444834183,2026-04-12_22-41-12,536.7823204994202,170621
E9QHA4SSVZCUR7UR,1764,1747,True,SimpleImputer,False,None,True,StandardScaler,False,None,None,None,LGBMClassifier,roc_auc_score,0.9914986809301812,0.003917185424612786,0.9926189811862245,2026-04-12_22-50-12,428.76803612709045,980120
IDW5D6IEVZSUDFR0,1764,406,True,SimpleImputer,True,VarianceThreshold,False,None,False,None,None,None,ExtraTreesClassifier,roc_auc_score,0.875767828763176,0.014366653329219364,0.8764889588647958,2026-04-12_22-57-21,141.39235424995422,523477
MHBHVULB8QRTH8T0,1764,1053,True,KNNImputer,True,VarianceThreshold,True,RobustScaler,False,None,None,None,BaggingClassifier,roc_auc_score,0.9830599694054578,0.0034071528119422466,0.9832896205357143,2026-04-12_22-59-47,42856.08968639374,249186247
LAU92CDIRLENRVJ2,1764,1641,True,KNNImputer,True,VarianceThreshold,False,None,False,None,None,None,HistGradientBoostingClassifier,roc_auc_score,0.9877984031054922,0.005681381202575392,0.988382493622449,2026-04-13_11-02-58,376.3715195655823,333019053
HD5359M35JUZCQGF,1764,1135,True,KNNImputer,True,VarianceThreshold,True,MaxAbsScaler,False,None,None,None,ComplementNB,roc_auc_score,0.8883818363839835,0.008573228426886747,0.8888201530612244,2026-04-13_11-16-53,22.31116247177124,228894455
69FQAFDPAGCXGSQU,1764,679,True,SimpleImputer,True,VarianceThreshold,True,MaxAbsScaler,False,None,None,None,GaussianNB,roc_auc_score,0.8442674116512014,0.007130927892603855,0.8370050422512756,2026-04-13_11-17-15,14.78324556350708,46626
8TAEAXLAIC6IOM9K,1764,749,True,SimpleImputer,True,VarianceThreshold,True,MinMaxScaler,False,None,None,None,XGBClassifier,roc_auc_score,0.8455216000648986,0.014424477896106477,0.8238885124362244,2026-04-13_11-17-30,34.79088568687439,51264
ULUXRGCM2ZAPZCGD,1764,735,True,SimpleImputer,True,VarianceThreshold,True,StandardScaler,False,None,None,None,NearestCentroid,roc_auc_score,0.8499195441487692,0.00825354735142757,0.8575851004464285,2026-04-13_11-19-06,16.6507306098938,62282
VF7916K7NWKXG1CK,1764,542,True,SimpleImputer,True,VarianceThreshold,True,RobustScaler,False,None,None,None,GaussianNB,roc_auc_score,0.8480763738991106,0.008807177985827508,0.8261029177295919,2026-04-13_11-19-57,22.616461753845215,37773
6RMO6BNQ20QJN4ME,1764,1154,True,KNNImputer,True,VarianceThreshold,True,MaxAbsScaler,False,None,None,None,GaussianNB,roc_auc_score,0.8203841027430518,0.013641457429799003,0.8268619459502551,2026-04-13_11-20-20,25.018170595169067,232717117
MC1TFRC83GBML0YG,1764,968,True,SimpleImputer,True,VarianceThreshold,True,MaxAbsScaler,False,None,None,None,ComplementNB,roc_auc_score,0.9041136242614835,0.015182716993407331,0.8992175542091838,2026-04-13_11-20-45,33.37114691734314,73969
G6AEK3X8V9VP1VGN,1764,1128,True,SimpleImputer,True,VarianceThreshold,True,StandardScaler,False,None,None,None,NearestCentroid,roc_auc_score,0.8335937869565744,0.017097904486948944,0.8284358059630101,2026-04-13_11-21-19,24.354238748550415,95036
PHDW2UZZQAIHUAGP,1764,561,True,SimpleImputer,True,VarianceThreshold,False,None,False,None,None,None,GaussianNB,roc_auc_score,0.8454054724192602,0.0133386348757855,0.8678233617665816,2026-04-13_11-21-59,18.073689937591553,29630
AAR94SA9X4UILEFW,1764,116,True,SimpleImputer,True,VarianceThreshold,True,StandardScaler,False,None,None,None,HistGradientBoostingClassifier,roc_auc_score,0.9634044748866952,0.006097420588187869,0.9660072544642856,2026-04-13_11-22-17,36.62288284301758,958948
NCU665W97BW35EG5,1764,1701,True,KNNImputer,True,VarianceThreshold,True,StandardScaler,False,None,None,None,NearestCentroid,roc_auc_score,0.8396409896237762,0.01148674230200273,0.8428818558673469,2026-04-13_11-22-54,36.75540208816528,343020051
PQF35GKPL44W88GY,1764,1265,True,KNNImputer,False,None,True,RobustScaler,False,None,None,None,NearestCentroid,roc_auc_score,0.8334591307004813,0.020889750420448747,0.8349857501594388,2026-04-13_11-23-31,30.66710925102234,255101023
UZ39D3ZPREFHN2TA,1764,855,True,KNNImputer,False,None,True,StandardScaler,False,None,None,None,GaussianNB,roc_auc_score,0.8434672227159483,0.014911816334049898,0.8450451411033163,2026-04-13_11-24-19,15.019368886947632,172420523
BL25RTZH85UB8VTG,1764,921,True,SimpleImputer,False,None,True,MinMaxScaler,False,None,None,None,ComplementNB,roc_auc_score,0.9123204191972809,0.010041574006843745,0.9168644371811224,2026-04-13_11-24-34,10.432081937789917,85179
OXMAPMJ5POSCU08O,1764,208,True,SimpleImputer,True,VarianceThreshold,False,None,False,None,None,None,ExtraTreesClassifier,roc_auc_score,0.8393173520340198,0.02045014051029842,0.8572404137436224,2026-04-13_11-24-54,20.717808485031128,112142
QID3QPR8CX33MXY0,1764,1171,True,KNNImputer,True,VarianceThreshold,True,MinMaxScaler,False,None,None,None,NearestCentroid,roc_auc_score,0.8389663917619428,0.02213801423451394,0.8380745774872449,2026-04-13_11-25-29,24.535510778427124,236182688
OY1FRFKYUF6BLH9W,1764,471,True,SimpleImputer,True,VarianceThreshold,False,None,False,None,None,None,ComplementNB,roc_auc_score,0.8862699929631326,0.009919015505478234,0.8974414062499999,2026-04-13_11-26-11,6.801480054855347,28841
MJ6JLMECP7XM4NZJ,1764,204,True,SimpleImputer,False,None,True,StandardScaler,False,None,None,None,GaussianNB,roc_auc_score,0.8670335058657075,0.011627619100326277,0.8751211734693878,2026-04-13_11-26-18,5.0521814823150635,14836
93XTL7924QLDTNAD,1764,407,True,SimpleImputer,True,VarianceThreshold,True,MinMaxScaler,False,None,None,None,GaussianNB,roc_auc_score,0.8549973862768405,0.007729387094903627,0.8703657126913265,2026-04-13_11-26-23,16.291163444519043,38367
1PJEE7DXORS28YC8,1764,371,True,SimpleImputer,True,VarianceThreshold,True,RobustScaler,False,None,None,None,LogisticRegression,roc_auc_score,0.9647632154727843,0.0071657452817637385,0.9711437739158163,2026-04-13_11-28-32,2391.873653650284,14382
5U0TER6M0CPBBKJG,1764,1596,True,SimpleImputer,True,VarianceThreshold,True,MinMaxScaler,False,None,None,None,HistGradientBoostingClassifier,roc_auc_score,0.9682647199727723,0.00932019164011733,0.9697351323341836,2026-04-13_12-08-59,356.32982754707336,1744199
VN5SWRH7QCYZR8RK,1764,1755,True,SimpleImputer,True,VarianceThreshold,True,RobustScaler,False,None,None,None,LGBMClassifier,roc_auc_score,0.9527088154719939,0.009970655887085953,0.9544134646045919,2026-04-13_12-15-03,444.3527591228485,899004
DDR3RZQ60N1S3TEI,1764,1290,True,KNNImputer,True,VarianceThreshold,True,MinMaxScaler,False,None,None,None,SGDClassifier,roc_auc_score,0.9661506324617424,0.011807028031861566,0.9671151546556123,2026-04-13_12-22-33,32.103909730911255,260164149
2BNMBES4INREY2EB,1764,814,True,SimpleImputer,True,VarianceThreshold,True,MaxAbsScaler,False,None,None,None,KNeighborsClassifier,roc_auc_score,0.9672146258255641,0.01077884708824524,0.9633952487244899,2026-04-13_12-23-17,342.6485562324524,172983189
JFNH0JGUFPXME3R3,1764,1044,True,KNNImputer,True,VarianceThreshold,True,MaxAbsScaler,False,None,None,None,GaussianNB,roc_auc_score,0.829139885150329,0.01123421595947812,0.8231920639349489,2026-04-13_12-29-04,20.833173513412476,210534511
LM0NPD85JWB3FNPN,1764,947,True,SimpleImputer,True,VarianceThreshold,True,RobustScaler,False,None,None,None,AdaBoostClassifier,roc_auc_score,0.9341087929066478,0.00657032630968827,0.9339680325255102,2026-04-13_12-29-34,4193.001986026764,104397
767JQN36ZDBZ029R,1764,1154,True,KNNImputer,True,VarianceThreshold,True,StandardScaler,False,None,None,None,BaggingClassifier,roc_auc_score,0.9797264189271797,0.005451464503760975,0.9883080556441327,2026-04-13_13-39-27,7818.236356973648,246448516
RFSE9PKCL56FF1DZ,1764,425,False,None,True,VarianceThreshold,True,RobustScaler,False,None,None,None,BernoulliNB,roc_auc_score,0.8065324293072456,0.01795854165351457,0.8061121851084185,2026-04-13_15-50-22,12.875946521759033,22683
IN1J8SFKVZYOMZVA,1764,1604,True,KNNImputer,True,VarianceThreshold,True,StandardScaler,False,None,None,None,GaussianNB,roc_auc_score,0.8284369523393404,0.010185318265009291,0.846754225127551,2026-04-13_15-50-35,32.08860945701599,323451026
ENO6H5XMWQTCN94B,1764,423,True,KNNImputer,True,VarianceThreshold,True,MinMaxScaler,False,None,None,None,LogisticRegression,roc_auc_score,0.9755722823822689,0.006999819352139212,0.974770806760204,2026-04-13_15-51-17,33.45759916305542,85304047
J0WE4GXISHS5I3AX,1764,133,True,KNNImputer,True,VarianceThreshold,True,MinMaxScaler,False,None,None,None,HistGradientBoostingClassifier,roc_auc_score,0.986517400612924,0.004531214870011959,0.9754466278698979,2026-04-13_15-51-50,22.733715772628784,27446417
IZ7CCYGQRKS564AE,1764,891,True,SimpleImputer,True,VarianceThreshold,True,MaxAbsScaler,False,None,None,None,RandomForestClassifier,roc_auc_score,0.8698063102965943,0.012240212757299801,0.868216477997449,2026-04-13_15-52-33,25.826484203338623,65761
ILKSKJOA54V38G5S,1764,1250,True,KNNImputer,False,None,True,RobustScaler,False,None,None,None,GaussianNB,roc_auc_score,0.8339839237357193,0.017780758275421422,0.8262032645089286,2026-04-13_15-53-20,28.049182415008545,252066126
4SPVJILO3E3MFD18,1764,1321,True,KNNImputer,True,VarianceThreshold,True,MinMaxScaler,False,None,None,None,HistGradientBoostingClassifier,roc_auc_score,0.9842409555510793,0.005004929448957134,0.9876062260841836,2026-04-13_15-53-57,743.2557888031006,269960091
3L0VUPXZDNH0U68P,1764,1578,False,None,True,VarianceThreshold,True,MaxAbsScaler,False,None,None,None,NearestCentroid,roc_auc_score,0.8376389572748263,0.018345806160363,0.8481122448979591,2026-04-13_16-06-20,27.105612993240356,106518
PTFA8L7AFAOUZOEK,1764,1085,True,KNNImputer,True,VarianceThreshold,True,MinMaxScaler,False,None,None,None,NearestCentroid,roc_auc_score,0.844358788393109,0.019874303496897314,0.8589696269132653,2026-04-13_16-06-56,28.82578682899475,218837417
W3V064KG9FMNRRKK,1764,234,True,SimpleImputer,True,VarianceThreshold,True,RobustScaler,False,None,None,None,KNeighborsClassifier,roc_auc_score,0.9286480441962036,0.017398836842760973,0.9418773915816326,2026-04-13_16-07-25,35.4085898399353,42119848
ZAYB99UGDARZCC4T,1764,635,True,KNNImputer,True,VarianceThreshold,True,StandardScaler,False,None,None,None,KNeighborsClassifier,roc_auc_score,0.9086612024226538,0.01539201984717383,0.9075892857142859,2026-04-13_16-08-00,220.01434206962585,252617601
XNM4FNEXYHHOFHOZ,1764,1300,True,SimpleImputer,True,VarianceThreshold,True,StandardScaler,False,None,None,None,AdaBoostClassifier,roc_auc_score,0.9719984630327779,0.008490915316228325,0.984006497130102,2026-04-13_16-11-41,4374.914321899414,116256
ENQ3LPAR2TFC00O3,1764,1002,True,KNNImputer,True,VarianceThreshold,True,MinMaxScaler,False,None,None,None,BernoulliNB,roc_auc_score,0.787941295128712,0.013039543117203853,0.7923646763392858,2026-04-13_17-24-36,26.378451585769653,202089003
1C9IXSN9AVYJ5YSG,1764,1554,True,SimpleImputer,True,VarianceThreshold,True,MaxAbsScaler,False,None,None,None,GradientBoostingClassifier,roc_auc_score,0.8944250654103156,0.009711607780743588,0.8960068558673469,2026-04-13_17-25-06,346.99267983436584,136501
SML0B6D6XY2HL4HQ,1764,189,True,SimpleImputer,True,VarianceThreshold,True,StandardScaler,False,None,None,None,KNeighborsClassifier,roc_auc_score,0.9609352791774917,0.009477656642622963,0.9646538185586735,2026-04-13_17-31-02,58.650075912475586,35816715
HVG2FJBESCYJKIDI,1764,347,True,KNNImputer,True,VarianceThreshold,True,MaxAbsScaler,False,None,None,None,LGBMClassifier,roc_auc_score,0.9899784777498104,0.0039083873254324285,0.9868082350127553,2026-04-13_17-32-00,93.51215195655823,71247403
VPI25F3KAEN1U8HB,1764,1372,True,KNNImputer,True,VarianceThreshold,True,MinMaxScaler,False,None,None,None,KNeighborsClassifier,roc_auc_score,0.9551921193707942,0.012884384754256255,0.9533718311543368,2026-04-13_17-33-34,108.64686465263367,522709573
VI83VCEF6OZCH5D6,1764,1463,True,SimpleImputer,True,VarianceThreshold,True,MaxAbsScaler,False,None,None,None,BaggingClassifier,roc_auc_score,0.9806178619743907,0.005312807658713629,0.9835373485331632,2026-04-13_17-35-23,49658.44916796684,28899758
8CX022UFCW75TLBA,1764,1292,True,SimpleImputer,True,VarianceThreshold,True,MinMaxScaler,False,None,None,None,GaussianNB,roc_auc_score,0.8374493069086372,0.014895905759022433,0.8481359614158164,2026-04-14_07-23-05,110.33526539802551,118998
61FAMWLKGB9SOUSS,1764,1237,True,SimpleImputer,True,VarianceThreshold,True,StandardScaler,False,None,None,None,HistGradientBoostingClassifier,roc_auc_score,0.9812833496261864,0.005909577875592547,0.9810564811862246,2026-04-14_07-24-59,83.05842924118042,482284
EVLRK1WHKAVCNN28,1764,1465,True,SimpleImputer,True,VarianceThreshold,True,MinMaxScaler,False,None,None,None,SGDClassifier,roc_auc_score,0.7546159197650386,0.017129731900222697,0.863705755739796,2026-04-14_07-26-22,62.478646755218506,123532
1BXIGRSPSCJQ1KJ5,1764,766,True,KNNImputer,True,VarianceThreshold,True,MaxAbsScaler,False,None,None,None,GaussianNB,roc_auc_score,0.846432418271117,0.017415073268404198,0.850462272799745,2026-04-14_07-27-25,16.461933374404907,154472848
BF343RNNP46FA8AL,1764,1313,True,SimpleImputer,False,None,False,None,False,None,None,None,KNeighborsClassifier,roc_auc_score,0.9635966864512243,0.012424904949103388,0.9512611607142858,2026-04-14_22-44-41,104.74035787582397,235484136
25CEZGRO88QTDDDX,1764,932,True,KNNImputer,True,VarianceThreshold,False,None,False,None,None,None,GaussianNB,roc_auc_score,0.8445687284221751,0.02863330962939006,0.8591836734693878,2026-04-14_22-46-31,19.138606309890747,187933538
J8PMASJIP8UWVLLY,1764,1414,True,SimpleImputer,True,VarianceThreshold,True,MaxAbsScaler,False,None,None,None,KNeighborsClassifier,roc_auc_score,0.9533171234596829,0.010702153318979274,0.9478589365433675,2026-04-14_22-46-50,109.62307929992676,211323863
T6CFASMHK4OIS5VC,1764,991,True,SimpleImputer,True,VarianceThreshold,False,None,False,None,None,None,XGBRFClassifier,roc_auc_score,0.8712325034558427,0.01646520167082784,0.8616146165497449,2026-04-14_22-48-53,38.21192455291748,26498
KRURVTFDZTFP2W9W,1764,1374,True,SimpleImputer,True,VarianceThreshold,True,MaxAbsScaler,False,None,None,None,HistGradientBoostingClassifier,roc_auc_score,0.9796747833642211,0.004506875676257719,0.9762996253188776,2026-04-14_22-59-33,29790.133722543716,1625730
16VP94URH42ZCKZ8,1764,1386,False,None,True,VarianceThreshold,False,None,False,None,None,None,MultinomialNB,roc_auc_score,0.8716424177991986,0.016371307618751305,0.8841408242984694,2026-04-15_07-16-15,12.223438262939453,60241
NEFUKMTFZU5ASYH2,1764,1676,True,SimpleImputer,True,VarianceThreshold,True,MinMaxScaler,False,None,None,None,BernoulliNB,roc_auc_score,0.6700608907651822,0.01537244485986103,0.661724330357143,2026-04-15_07-16-36,67.57081007957458,140444
DX2LEHWHMOKF3PSH,1764,857,True,KNNImputer,True,VarianceThreshold,False,None,False,None,None,None,BaggingClassifier,roc_auc_score,0.9832025683901205,0.00432093303195349,0.9817808314732143,2026-04-15_07-17-55,2525.067708969116,181979875
PMF7N4CYXUJW361N,1764,445,True,SimpleImputer,True,VarianceThreshold,True,RobustScaler,False,None,None,None,AdaBoostClassifier,roc_auc_score,0.9290312014704496,0.009600160221707382,0.9110754145408163,2026-04-15_08-00-01,3777.326732635498,162563
DAPUAP9B4655SIRU,1764,397,True,KNNImputer,True,VarianceThreshold,False,None,False,None,None,None,NearestCentroid,roc_auc_score,0.8265080975163942,0.019570555058400746,0.8351021404655612,2026-04-15_09-03-23,7.182229042053223,80047631
F4VU4KG1C26POKZ7,1764,1312,True,KNNImputer,True,VarianceThreshold,True,MaxAbsScaler,False,None,None,None,AdaBoostClassifier,roc_auc_score,0.8729425030494606,0.017710793311446548,0.8835819913903061,2026-04-15_09-03-30,2722.6709644794464,264573852
O6LK9HQI3F66X9PS,1764,250,True,SimpleImputer,True,VarianceThreshold,True,MaxAbsScaler,False,None,None,None,GradientBoostingClassifier,roc_auc_score,0.8485632128392304,0.01666798032707459,0.8437076490752551,2026-04-15_09-48-53,75.72061944007874,43246
841Y9YYP34IHZLZK,1764,398,True,SimpleImputer,True,VarianceThreshold,True,MinMaxScaler,False,None,None,None,KNeighborsClassifier,roc_auc_score,0.9570986361132485,0.010750424166798679,0.9555804567920918,2026-04-15_09-50-09,2713.012980699539,71525761
SC8SWIS7835JI6FZ,1764,593,True,SimpleImputer,True,VarianceThreshold,False,None,False,None,None,None,XGBRFClassifier,roc_auc_score,0.8579884425207629,0.017818927712970344,0.8511001275510204,2026-04-15_10-35-26,22.894766807556152,17081
DE5RFCT0TLWNOHAZ,1764,207,True,KNNImputer,True,VarianceThreshold,True,MaxAbsScaler,False,None,None,None,BernoulliNB,roc_auc_score,0.9139564705441778,0.01215158509381666,0.9073550103635204,2026-04-15_10-35-55,5.822572946548462,41745201
HG3R8UYSB7JL9ERP,1764,226,True,SimpleImputer,True,VarianceThreshold,True,MinMaxScaler,False,None,None,None,HistGradientBoostingClassifier,roc_auc_score,0.9449750217980828,0.009236711096089202,0.9378225645727041,2026-04-15_10-36-15,68.16873812675476,1062772
OZWONTR80OOKBYLR,1764,617,True,SimpleImputer,True,VarianceThreshold,True,StandardScaler,False,None,None,None,GradientBoostingClassifier,roc_auc_score,0.8697748496665421,0.015461008807014233,0.8434961933992348,2026-04-15_10-47-22,81.31890153884888,38006
L5608D0AM2HLXA6J,1764,703,True,SimpleImputer,True,VarianceThreshold,True,MinMaxScaler,False,None,None,None,GaussianNB,roc_auc_score,0.8389122912743113,0.013975310537799074,0.8474176897321428,2026-04-15_10-48-45,15.076154232025146,65249
L4VRKI5POIPAKBK0,1764,1532,True,SimpleImputer,False,None,True,MinMaxScaler,False,None,None,None,XGBRFClassifier,roc_auc_score,0.9203336845915366,0.01135082452684981,0.9248296994579082,2026-04-15_10-49-02,22.104644775390625,88070
B9WAUCHY9WUMXAXN,1764,831,True,SimpleImputer,True,VarianceThreshold,True,StandardScaler,False,None,None,None,NearestCentroid,roc_auc_score,0.8440214100910468,0.010094829215017271,0.8517431640625001,2026-04-15_10-54-42,19.790769577026367,70233
UZGJUTYFXBD1FJFP,1764,1173,True,SimpleImputer,True,VarianceThreshold,True,RobustScaler,False,None,None,None,BaggingClassifier,roc_auc_score,0.9807120828189776,0.0065916622829540784,0.9808673469387756,2026-04-15_10-55-06,25012.411757469177,33109939
3BKS10N4IR71Z1CM,1764,361,True,SimpleImputer,True,VarianceThreshold,True,MinMaxScaler,False,None,None,None,ExtraTreesClassifier,roc_auc_score,0.847687581719702,0.006866184709438859,0.8574202806122448,2026-04-15_18-11-09,107.34801626205444,552737
1DFSGR0P3HIKSZWN,1764,1350,True,SimpleImputer,True,VarianceThreshold,True,MinMaxScaler,False,None,None,None,LGBMClassifier,roc_auc_score,0.991900473463142,0.0046441225233089245,0.9923349808673471,2026-04-15_18-13-05,698.1928095817566,2075293
JLZ28AZLM5YQ7VMO,1764,259,True,SimpleImputer,True,VarianceThreshold,True,StandardScaler,False,None,None,None,BaggingClassifier,roc_auc_score,0.9810271124934916,0.006948464700054146,0.9860105428890306,2026-04-15_18-24-59,4368.307440519333,42292391
FW8XSJEFFQ3NAF09,1764,1328,True,KNNImputer,True,VarianceThreshold,True,MaxAbsScaler,False,None,None,None,ExtraTreesClassifier,roc_auc_score,0.889434160803007,0.008030558089748258,0.8821693638392858,2026-04-15_19-37-53,193.49655628204346,267899167
BXPL6E2BXBE6Z0XW,1764,365,True,SimpleImputer,True,VarianceThreshold,True,RobustScaler,False,None,None,None,XGBRFClassifier,roc_auc_score,0.9563888432758878,0.012686596332787467,0.9690388831313774,2026-04-15_19-41-07,126.40016460418701,1267610
VD6SSK6RF7P9ALM9,1764,1423,True,SimpleImputer,True,VarianceThreshold,True,MaxAbsScaler,False,None,None,None,HistGradientBoostingClassifier,roc_auc_score,0.946025826384808,0.010035618788107645,0.952032545440051,2026-04-15_19-43-13,266.4674594402313,1871469
X7UTB5M7K1B7EJ10,1764,1127,True,KNNImputer,True,VarianceThreshold,True,MaxAbsScaler,False,None,None,None,XGBRFClassifier,roc_auc_score,0.9397932202427602,0.015011117284419373,0.9409296277104592,2026-04-15_19-47-49,528.7003858089447,227969858
T58K6ME6G3874VZ2,1764,160,True,KNNImputer,True,VarianceThreshold,True,MaxAbsScaler,False,None,None,None,HistGradientBoostingClassifier,roc_auc_score,0.9628914617674817,0.006057466834026018,0.9656978435905612,2026-04-15_19-56-46,48.25167369842529,33298544
IA0H4B1YDENK4VY4,1764,1198,True,SimpleImputer,True,VarianceThreshold,True,StandardScaler,False,None,None,None,LGBMClassifier,roc_auc_score,0.9282329297984333,0.010441197573076438,0.9354953563456632,2026-04-15_20-00-15,490.76376509666443,1168578
NY124VH7YNFRTKRX,1764,329,True,KNNImputer,True,VarianceThreshold,True,RobustScaler,False,None,None,None,GaussianNB,roc_auc_score,0.852816986719916,0.012367134246080151,0.8671300023915817,2026-04-15_20-08-26,10.956114768981934,66347548
1UIJBQPS9CXAJ9SI,1764,151,True,KNNImputer,True,VarianceThreshold,False,None,False,None,None,None,LGBMClassifier,roc_auc_score,0.8847245408836564,0.007499475216823365,0.8974609375,2026-04-15_20-08-40,8.888686656951904,30847874
V0M07DK356T2KMS0,1764,1264,True,SimpleImputer,True,VarianceThreshold,True,RobustScaler,False,None,None,None,RandomForestClassifier,roc_auc_score,0.7974796650112301,0.03282756594889281,0.7760571787308673,2026-04-15_20-08-53,1720.1692786216736,107496
ZQQ4TZ3UCSVLDW2V,1764,505,True,KNNImputer,True,VarianceThreshold,True,RobustScaler,False,None,None,None,HistGradientBoostingClassifier,roc_auc_score,0.7974406064121669,0.022757969284095188,0.8007905173788266,2026-04-15_20-37-33,31.983590602874756,102366326
BQSB1JXSZE2PDC70,1764,1719,True,SimpleImputer,True,VarianceThreshold,True,MinMaxScaler,False,None,None,None,BernoulliNB,roc_auc_score,0.6516108432616123,0.03623461133364251,0.6851919244260204,2026-04-15_20-38-05,67.86309146881104,157812
XM0W7M4U8KMCY851,1764,1677,True,KNNImputer,True,VarianceThreshold,True,RobustScaler,False,None,None,None,KNeighborsClassifier,roc_auc_score,0.8874557541297244,0.018524864810848064,0.8934259406887756,2026-04-15_20-39-49,322.6037781238556,652766000
P7ZOBJ4EPV9E21QE,1764,504,True,KNNImputer,True,VarianceThreshold,True,MaxAbsScaler,False,None,None,None,HistGradientBoostingClassifier,roc_auc_score,0.9835098157194467,0.004939425738778076,0.9923748405612246,2026-04-15_20-45-11,140.88386583328247,102892852
AE2RFLXDGS2KZGKL,1764,887,False,None,True,VarianceThreshold,False,None,False,None,None,None,KNeighborsClassifier,roc_auc_score,0.952573241823994,0.011720315661080704,0.9705927136479592,2026-04-15_20-47-32,327.0043423175812,160181223
QK4TQ57SNIGGY63E,1764,871,True,SimpleImputer,True,VarianceThreshold,False,None,False,None,None,None,ComplementNB,roc_auc_score,0.8644554036898302,0.01847669140252261,0.8501656170280614,2026-04-15_20-53-00,10.82270073890686,52381
T208140D80E4XZ5N,1764,726,True,KNNImputer,True,VarianceThreshold,True,RobustScaler,False,None,None,None,BaggingClassifier,roc_auc_score,0.9818497473893251,0.006688836530445776,0.974367526307398,2026-04-15_20-53-17,3581.5470957756042,153737057
4Q4SHZMOEJ3VIZ15,1764,430,True,KNNImputer,True,VarianceThreshold,True,MinMaxScaler,False,None,None,None,MultinomialNB,roc_auc_score,0.86992364682659,0.020621013457102252,0.8697446986607142,2026-04-15_21-53-04,8.097437143325806,86723066
I0BVLEACYGBVZGK3,1764,1045,True,KNNImputer,True,VarianceThreshold,True,MaxAbsScaler,False,None,None,None,LogisticRegression,roc_auc_score,0.9740639398765506,0.00855398671198437,0.977806919642857,2026-04-15_21-53-12,134.2313632965088,210710998
WKZ06TBWXXIQ3OO2,1764,1160,True,SimpleImputer,True,VarianceThreshold,True,MaxAbsScaler,False,None,None,None,MultinomialNB,roc_auc_score,0.8736367477964627,0.01378583571246392,0.8780703922193878,2026-04-15_21-55-58,39.993834018707275,79017
QXCRZOI0BQIR6QAL,1764,335,True,SimpleImputer,True,VarianceThreshold,True,MinMaxScaler,False,None,None,None,RadiusNeighborsClassifier,roc_auc_score,0.9100357315016042,0.018067166290040352,0.9065756536989797,2026-04-15_21-56-38,101.98211669921875,63186494
W2KQ16H079XYE1LS,1764,1286,True,KNNImputer,True,VarianceThreshold,True,MaxAbsScaler,False,None,None,None,XGBClassifier,roc_auc_score,0.8009781646328185,0.026049443460288473,0.792628547512755,2026-04-15_21-58-30,156.12858128547668,259302539
A583J2YKCSP92AZQ,1764,1089,True,SimpleImputer,True,VarianceThreshold,True,MinMaxScaler,False,None,None,None,LGBMClassifier,roc_auc_score,0.9315972164158086,0.016765159639530534,0.9132748724489796,2026-04-15_22-01-06,155.5822832584381,438162
QGPLNN4Y073DS25J,1764,763,True,KNNImputer,True,VarianceThreshold,True,MinMaxScaler,False,None,None,None,HistGradientBoostingClassifier,roc_auc_score,0.9604196782779113,0.006982150967803342,0.9598826132015306,2026-04-15_22-19-10,327.1848986148834,156184678
PVKM8DY7FP4543DA,1764,1693,True,SimpleImputer,True,VarianceThreshold,True,RobustScaler,False,None,None,None,KNeighborsClassifier,roc_auc_score,0.9591737662661703,0.011036674343346438,0.9609808474170918,2026-04-15_22-24-37,463.1688885688782,303625413
ZLORTTUICFNYC3Z9,1764,959,True,KNNImputer,True,VarianceThreshold,True,RobustScaler,False,None,None,None,GradientBoostingClassifier,roc_auc_score,0.8650404789831807,0.009380915667690287,0.8545305524553571,2026-04-15_22-32-35,56.12351632118225,193423155
IZ5N8OC9NPGX084S,1764,284,True,KNNImputer,True,VarianceThreshold,True,MinMaxScaler,False,None,None,None,KNeighborsClassifier,roc_auc_score,0.9572891188874323,0.007945306283732944,0.9687393375318878,2026-04-15_22-33-38,75.93137907981873,110879371
N2TSMGM0QLZMA3QN,1764,425,True,KNNImputer,True,VarianceThreshold,True,MinMaxScaler,False,None,None,None,GradientBoostingClassifier,roc_auc_score,0.8749739741079559,0.015456015698287336,0.8647855548469388,2026-04-15_22-34-54,15.35708498954773,85714756
E06133QIYOP3K4RV,1764,1365,True,SimpleImputer,True,VarianceThreshold,True,MinMaxScaler,False,None,None,None,MultinomialNB,roc_auc_score,0.884279884987804,0.02050601107215216,0.879368821747449,2026-04-15_22-35-10,37.98326587677002,125623
158NZKH5NYGQ2VVG,1764,1438,True,SimpleImputer,True,VarianceThreshold,False,None,False,None,None,None,GaussianNB,roc_auc_score,0.8302068093245107,0.012045158667798062,0.8475494260204082,2026-04-15_22-35-48,26.091681480407715,74436
P51ZU2VNMKM1C8P2,1764,1679,True,SimpleImputer,True,VarianceThreshold,True,MinMaxScaler,False,None,None,None,GradientBoostingClassifier,roc_auc_score,0.8636695904620181,0.010594473951608606,0.8523756377551021,2026-04-15_22-36-14,70.1268060207367,193803
EPEI073B0X1NX341,1764,263,True,SimpleImputer,True,VarianceThreshold,True,MaxAbsScaler,False,None,None,None,ComplementNB,roc_auc_score,0.8609299006622451,0.018528387097219084,0.8703404017857144,2026-04-15_22-37-24,6.221635341644287,21184
MG6B33JOHYIN8UQ7,1764,1036,True,SimpleImputer,True,VarianceThreshold,True,StandardScaler,False,None,None,None,NearestCentroid,roc_auc_score,0.8381615489057765,0.013363919400549502,0.8334939014668368,2026-04-15_22-37-30,40.24088788032532,70777
6JZU085BG6CUT53Z,1764,511,True,SimpleImputer,True,VarianceThreshold,True,RobustScaler,False,None,None,None,BernoulliNB,roc_auc_score,0.8464381977285107,0.016233719061024436,0.8314858697385205,2026-04-15_22-38-16,12.443264961242676,31583
TTV7ZU2PDJ5YNH7I,1764,1742,True,SimpleImputer,True,VarianceThreshold,True,StandardScaler,False,None,None,None,XGBRFClassifier,roc_auc_score,0.8888887152287828,0.00787862826181329,0.8872987085459183,2026-04-15_22-38-37,76.72625541687012,80358
JDNWKYS5Q0K2362D,1764,892,True,KNNImputer,True,VarianceThreshold,True,MinMaxScaler,False,None,None,None,AdaBoostClassifier,roc_auc_score,0.9656078111319696,0.004925022262290432,0.9573214285714285,2026-04-15_22-39-54,33713.72085094452,179976152
LGNIE42GO9P611P7,1764,1327,True,KNNImputer,True,VarianceThreshold,True,MinMaxScaler,False,None,None,None,GaussianNB,roc_auc_score,0.8427408399375634,0.01742461342871833,0.8405330237563776,2026-04-16_08-01-48,32.130300998687744,267636258
YE2VQBY1P67OY24V,1764,141,True,SimpleImputer,True,VarianceThreshold,True,MinMaxScaler,False,None,None,None,XGBClassifier,roc_auc_score,0.7822408160823773,0.018097023000167023,0.7697212810905613,2026-04-16_08-02-33,26.85970187187195,12823
JDP7V40Z8J8KTJJK,1764,927,True,SimpleImputer,True,VarianceThreshold,True,StandardScaler,False,None,None,None,KNeighborsClassifier,roc_auc_score,0.9676897005870503,0.0065411381369229905,0.9707753706951531,2026-04-16_08-03-03,338.4341950416565,181724488
FCHMHCKS4G81M9JN,1764,1267,True,SimpleImputer,True,VarianceThreshold,True,RobustScaler,False,None,None,None,AdaBoostClassifier,roc_auc_score,0.981004784737606,0.005090768809774667,0.978853834502551,2026-04-16_08-08-44,15595.785042762756,261030
UR7HTWZJKB8DJWEH,1764,1204,True,SimpleImputer,True,VarianceThreshold,True,RobustScaler,False,None,None,None,GaussianNB,roc_auc_score,0.8443143072845304,0.013557515225460084,0.8399703045280612,2026-04-16_12-28-40,30.8711576461792,82033
ZIPLHU2C33R15FLV,1764,843,True,SimpleImputer,True,VarianceThreshold,True,RobustScaler,False,None,None,None,ExtraTreesClassifier,roc_auc_score,0.8693002025939357,0.011731458051434782,0.872820970184949,2026-04-16_12-29-37,46.84239959716797,407913
K26GR6QGM038Z7DS,1764,708,True,SimpleImputer,True,VarianceThreshold,True,RobustScaler,False,None,None,None,GradientBoostingClassifier,roc_auc_score,0.8579019162686162,0.017235800556362334,0.8611527423469387,2026-04-16_12-30-24,36.65261650085449,47317
S00Z4A5WDBB9T5GL,1764,1181,True,KNNImputer,True,VarianceThreshold,False,None,False,None,None,None,AdaBoostClassifier,roc_auc_score,0.9781270387816698,0.0052492160310184666,0.980231784119898,2026-04-16_12-31-18,6308.262428998947,238199199
O5KBOD5JTLY4CT7M,1764,422,True,KNNImputer,True,VarianceThreshold,True,RobustScaler,False,None,None,None,XGBClassifier,roc_auc_score,0.9698101293468329,0.00939260984290594,0.9748003029336735,2026-04-16_14-16-32,76.07493710517883,85092660
ZWAQN5THO1CC39IG,1764,1726,True,SimpleImputer,True,VarianceThreshold,False,None,False,None,None,None,MultinomialNB,roc_auc_score,0.8627683425232069,0.024929795119534023,0.8619132653061226,2026-04-16_14-17-49,21.674034118652344,89078
NVQB8M20TU24G3P0,1764,342,True,SimpleImputer,True,VarianceThreshold,True,StandardScaler,False,None,None,None,LGBMClassifier,roc_auc_score,0.9401237295188836,0.009983936370771697,0.9407803531568878,2026-04-16_14-18-21,49.866448640823364,340127
T2F87E3UBVD8EP58,1764,1189,True,SimpleImputer,True,VarianceThreshold,True,RobustScaler,False,None,None,None,HistGradientBoostingClassifier,roc_auc_score,0.9696870910501081,0.006037505864463436,0.9677364676339285,2026-04-16_14-19-11,115.39456486701965,1220957
0HJNX1JB0N2139K5,1764,738,True,KNNImputer,True,VarianceThreshold,True,StandardScaler,False,None,None,None,RandomForestClassifier,roc_auc_score,0.8970655231947916,0.015004056696407848,0.9040855189732142,2026-04-16_14-21-07,3965.804309129715,149457617
GLSNUDZTBWS6QEHM,1764,569,True,SimpleImputer,True,VarianceThreshold,True,RobustScaler,False,None,None,None,XGBClassifier,roc_auc_score,0.9129321108412529,0.006569933326883582,0.9080329241071429,2026-04-16_15-27-13,77022.82247781754,2440429
MRVFVYYI2GZ3HZFJ,1764,121,True,SimpleImputer,True,VarianceThreshold,False,None,False,None,None,None,BernoulliNB,roc_auc_score,0.7656254437068368,0.014978846230510446,0.7758067602040816,2026-04-17_12-56-45,193.31203603744507,7242
1AQJ0GFGA5HR5OFU,1764,842,True,SimpleImputer,True,VarianceThreshold,False,None,False,None,None,None,ExtraTreesClassifier,roc_auc_score,0.9077074686912742,0.006815641827386473,0.8939861686862245,2026-04-17_13-00-00,59.14213180541992,175881
R6P6OQDMB72TUIJH,1764,1697,True,SimpleImputer,True,VarianceThreshold,True,MinMaxScaler,False,None,None,None,HistGradientBoostingClassifier,roc_auc_score,0.9374976872710701,0.012195721812555228,0.9387676379145409,2026-04-17_13-01-06,291.9588556289673,3013729
XIES5S2QF32YGXNX,1764,740,True,KNNImputer,False,None,False,None,False,None,None,None,ExtraTreesClassifier,roc_auc_score,0.8940701699378131,0.008301712872916278,0.8721837133290816,2026-04-17_13-05-58,12.136548519134521,149214085
1EIHAI33058UKAO9,1764,771,True,SimpleImputer,True,VarianceThreshold,True,MaxAbsScaler,False,None,None,None,GaussianNB,roc_auc_score,0.8422187724043428,0.011962064335576523,0.8475089684311224,2026-04-17_13-06-11,29.848920345306396,52789
G2AYP6NOBFWUC5R8,1764,864,True,KNNImputer,False,None,False,None,False,None,None,None,ExtraTreesClassifier,roc_auc_score,0.8783419023591235,0.014342894034148047,0.8836213528380101,2026-04-17_13-06-44,88.48924970626831,174698272
KXFGRRZUS9XL7M4N,1764,650,False,None,True,VarianceThreshold,True,MinMaxScaler,False,None,None,None,ComplementNB,roc_auc_score,0.8925470295172268,0.02371034012435382,0.8993821747448979,2026-04-17_13-25-18,20.544610023498535,60252
4DXLJN6UHWEP5U4R,1764,417,True,KNNImputer,True,VarianceThreshold,True,RobustScaler,False,None,None,None,XGBRFClassifier,roc_auc_score,0.8883273186737947,0.013196128721840929,0.8780334223533163,2026-04-17_13-25-39,14.410619258880615,84084724
L88KPB3UY5YMVT79,1764,504,True,SimpleImputer,True,VarianceThreshold,True,MaxAbsScaler,False,None,None,None,BaggingClassifier,roc_auc_score,0.9750313769221186,0.00778733480737134,0.9781140385841837,2026-04-17_13-26-01,5317.252944946289,16803513
Y1OBBS0WI254AAUG,1764,1567,True,KNNImputer,True,VarianceThreshold,True,MaxAbsScaler,False,None,None,None,MultinomialNB,roc_auc_score,0.8768438274730712,0.019833597682389594,0.8746538185586734,2026-04-17_14-54-38,26.40613079071045,316002383
TUKQMTU82QSVKFJH,1764,875,True,KNNImputer,True,VarianceThreshold,True,RobustScaler,False,None,None,None,KNeighborsClassifier,roc_auc_score,0.9475328973811259,0.011091297393813216,0.9575964604591836,2026-04-17_15-00-21,177.49421167373657,333405109
4Z6S5WNK1QCK82AB,1764,128,True,KNNImputer,True,VarianceThreshold,True,MaxAbsScaler,False,None,None,None,GaussianNB,roc_auc_score,0.8336850312486275,0.014815287484436978,0.8484598214285715,2026-04-17_15-03-20,6.109657526016235,25813837
MJ0ZOOYAGYL0H7Z4,1764,1629,True,SimpleImputer,True,VarianceThreshold,True,MaxAbsScaler,False,None,None,None,GradientBoostingClassifier,roc_auc_score,0.8896804363229377,0.011850545470895918,0.8871716557716837,2026-04-17_16-22-39,169.6699035167694,234726
PF1NK5GXPOHNQN0T,1764,1642,False,None,True,VarianceThreshold,True,MaxAbsScaler,False,None,None,None,BernoulliNB,roc_auc_score,0.6786203432111619,0.022468813729308416,0.6679310825892857,2026-04-17_16-37-29,35.43342924118042,97683
N6JW58W4HNABKR1H,1764,638,True,KNNImputer,True,VarianceThreshold,True,RobustScaler,False,None,None,None,ExtraTreesClassifier,roc_auc_score,0.8670388024131,0.014887169941038489,0.8795739995216837,2026-04-17_16-48-51,44.431605100631714,128824789
343MU2PXAI4KA3OB,1764,572,True,SimpleImputer,True,VarianceThreshold,True,StandardScaler,False,None,None,None,GaussianNB,roc_auc_score,0.8410199846735857,0.01514124065749929,0.8054530054209184,2026-04-17_16-50-56,14.764156341552734,44334
YEAKRGA2NA7SOVBW,1764,524,True,KNNImputer,True,VarianceThreshold,True,StandardScaler,False,None,None,None,ExtraTreesClassifier,roc_auc_score,0.8844402268412862,0.013568094449694925,0.8816015625,2026-04-17_16-51-11,18.937885761260986,105724185
5HC39V4M77HMOUD5,1764,518,True,SimpleImputer,True,VarianceThreshold,True,RobustScaler,False,None,None,None,KNeighborsClassifier,roc_auc_score,0.823250594384017,0.01573812859994671,0.8270732023278061,2026-04-17_16-51-35,553.69904088974,14527710
1OUOARMHFN96XWO6,1764,586,False,None,True,VarianceThreshold,True,MaxAbsScaler,False,None,None,None,GradientBoostingClassifier,roc_auc_score,0.9461030529244875,0.0052979950717930635,0.949441366390306,2026-04-17_17-00-59,21.16133213043213,44765
3GHRO2K704L7S4HC,1764,367,True,SimpleImputer,True,VarianceThreshold,True,MaxAbsScaler,False,None,None,None,XGBClassifier,roc_auc_score,0.8072446699856325,0.020813450706595397,0.8015434669961736,2026-04-17_17-01-23,94.94931602478027,18313
EH0J35GTVC5S68ZH,1764,1534,True,KNNImputer,True,VarianceThreshold,False,None,False,None,None,None,RandomForestClassifier,roc_auc_score,0.8665001064517712,0.007986142436391784,0.8694665776466838,2026-04-17_17-03-03,91.87348365783691,309657241
ICIQP1OCXNPCGD5L,1764,1686,True,SimpleImputer,True,VarianceThreshold,True,MinMaxScaler,False,None,None,None,KNeighborsClassifier,roc_auc_score,0.9068847202687046,0.011278592953267236,0.9174793726084185,2026-04-17_17-04-35,4780.690037488937,201901143
VUDWV29SI80JS67G,1764,1310,True,SimpleImputer,True,VarianceThreshold,True,StandardScaler,False,None,None,None,MultinomialNB,roc_auc_score,0.8657169509781182,0.020059404523327596,0.8767635921556123,2026-04-17_18-28-59,20.240223169326782,67935
80N7XS0VUF2HBO6F,1764,210,True,SimpleImputer,True,VarianceThreshold,True,StandardScaler,False,None,None,None,AdaBoostClassifier,roc_auc_score,0.9477310577402196,0.011201930868827146,0.955053411989796,2026-04-17_18-29-27,1255.9221258163452,112501
GQ3FKP83R7I5HDZ5,1764,168,False,None,True,VarianceThreshold,True,RobustScaler,False,None,None,None,LGBMClassifier,roc_auc_score,0.9359140369203628,0.006766229185601284,0.9440760522959184,2026-04-17_18-50-23,21.425546646118164,287551
Q9OGI247E3VF8VOJ,1764,340,True,SimpleImputer,True,VarianceThreshold,True,RobustScaler,False,None,None,None,BaggingClassifier,roc_auc_score,0.9793932006805625,0.0066107188597221535,0.9820462970344387,2026-04-17_18-50-44,6364.646253108978,37914676
F12ICMG0QDEMCOOX,1764,1259,True,SimpleImputer,True,VarianceThreshold,True,StandardScaler,False,None,None,None,BernoulliNB,roc_auc_score,0.7848895147682635,0.012534925216807895,0.7769647839604592,2026-04-17_20-36-55,24.75934362411499,95656
LTQ1N191M1N0H6FF,1764,535,True,SimpleImputer,False,None,True,MaxAbsScaler,False,None,None,None,LogisticRegression,roc_auc_score,0.9751360611655914,0.007984531422832562,0.9778848453443876,2026-04-17_20-37-23,168.59436702728271,20094
MUXU73M8E5LDTIGC,1764,1255,True,SimpleImputer,True,VarianceThreshold,True,RobustScaler,False,None,None,None,GradientBoostingClassifier,roc_auc_score,0.7898173025783499,0.02868632626263697,0.8141934390943877,2026-04-17_20-40-22,33.798728227615356,107786
VYP4SFYUDNHM5CGD,1764,732,True,SimpleImputer,True,VarianceThreshold,True,StandardScaler,False,None,None,None,BaggingClassifier,roc_auc_score,0.9780513918841353,0.003866551460615922,0.9768230827487245,2026-04-17_20-40-55,49798.74771785736,37599358
XMVHAURJ343TLSXJ,1764,424,True,KNNImputer,True,VarianceThreshold,True,StandardScaler,False,None,None,None,NearestCentroid,roc_auc_score,0.8611706154585876,0.014559117618822935,0.8584486607142857,2026-04-20_07-08-53,14.89866852760315,85512275
S6G16V3SF8NWOT0D,1764,691,True,SimpleImputer,True,VarianceThreshold,True,RobustScaler,False,None,None,None,ExtraTreesClassifier,roc_auc_score,0.7766882275625402,0.022073921016209017,0.7584941007653061,2026-04-20_07-09-08,44.25626182556152,402774
9BAKS01OZHX4O3GV,1764,326,True,KNNImputer,True,VarianceThreshold,True,MinMaxScaler,False,None,None,None,XGBRFClassifier,roc_auc_score,0.9476752315593504,0.008059215714050657,0.9405277423469387,2026-04-20_07-09-52,118.03248715400696,66936904
E0FDRZQ6SA73UAZR,1764,1339,True,SimpleImputer,True,VarianceThreshold,True,StandardScaler,False,None,None,None,KNeighborsClassifier,roc_auc_score,0.9667321168781766,0.009681904912031932,0.970315090880102,2026-04-20_07-11-59,378.821439743042,251357607
OB2VIYXT2JZFZNUH,1764,693,True,KNNImputer,True,VarianceThreshold,True,StandardScaler,False,None,None,None,GaussianNB,roc_auc_score,0.8472370730195518,0.010341754657169118,0.8623593949298469,2026-04-20_07-18-22,16.112951278686523,139746183
9FGSS77YRIMTFR0J,1764,1680,True,KNNImputer,True,VarianceThreshold,True,RobustScaler,False,None,None,None,ExtraTreesClassifier,roc_auc_score,0.9272393989928011,0.01014133880450585,0.9299168925382653,2026-04-20_07-18-46,567.9955024719238,339082272
IBA5NJPVBNDODF1N,1764,185,True,SimpleImputer,True,VarianceThreshold,True,RobustScaler,False,None,None,None,AdaBoostClassifier,roc_auc_score,0.9603123169664242,0.008966093213387772,0.9638287228954081,2026-04-20_07-28-34,2301.657847881317,218862
K2OS2U9V63G7HLDE,1764,1318,True,SimpleImputer,True,VarianceThreshold,True,MinMaxScaler,False,None,None,None,MultinomialNB,roc_auc_score,0.8744069772374532,0.01792075643236266,0.8751143973214285,2026-04-20_08-06-56,37.43794798851013,121351
ZQQ5455GJBNHX2NF,1764,1087,True,KNNImputer,True,VarianceThreshold,True,RobustScaler,False,None,None,None,NearestCentroid,roc_auc_score,0.8433624633284602,0.017173342523605823,0.8349269571109694,2026-04-20_08-08-52,30.200819492340088,219214645
J6X2J1KV67MXHPM0,1764,1486,True,SimpleImputer,True,VarianceThreshold,True,StandardScaler,False,None,None,None,HistGradientBoostingClassifier,roc_auc_score,0.9576360834089558,0.00933083822104828,0.9724123086734693,2026-04-20_08-09-22,129.09151601791382,2144004
GEDX99AXHIMBS2PU,1764,742,True,KNNImputer,True,VarianceThreshold,False,None,False,None,None,None,GaussianNB,roc_auc_score,0.8319303886649291,0.013380861890033652,0.843854532047194,2026-04-20_08-11-32,14.697641372680664,149620972
UCU0Q444E6NE8V0Z,1764,1339,True,KNNImputer,True,VarianceThreshold,False,None,False,None,None,None,BaggingClassifier,roc_auc_score,0.980521431488898,0.005080212379223877,0.9838573222257653,2026-04-20_08-11-47,18590.56174135208,297893339
3CKKF9QL0BFIK3ZR,1764,143,True,KNNImputer,True,VarianceThreshold,False,None,False,None,None,None,ComplementNB,roc_auc_score,0.8746820703503143,0.028000821475018377,0.8588012197066326,2026-04-20_13-22-07,24.766570806503296,28837476
4D0OA8JK9OBY2EFZ,1764,1333,True,KNNImputer,True,VarianceThreshold,True,RobustScaler,False,None,None,None,AdaBoostClassifier,roc_auc_score,0.7049445354457254,0.023750581029913655,0.7267841198979592,2026-04-20_13-22-32,106.1355333328247,268784863
O9IV5XPS53LPQX9S,1764,1625,True,KNNImputer,True,VarianceThreshold,True,MinMaxScaler,False,None,None,None,MultinomialNB,roc_auc_score,0.8927878210846039,0.015956500693323508,0.8866348453443877,2026-04-20_13-24-18,37.960912227630615,327738032
4L00LSDM135USNSP,1764,572,True,KNNImputer,True,VarianceThreshold,True,RobustScaler,False,None,None,None,GradientBoostingClassifier,roc_auc_score,0.924424848368489,0.009546775646278526,0.9338970822704081,2026-04-20_13-25-04,273.24039483070374,115572782
LICRMPBJG35RC1I4,1764,1755,True,SimpleImputer,False,None,True,StandardScaler,False,None,None,None,HistGradientBoostingClassifier,roc_auc_score,0.9532237684353589,0.007822769327736675,0.9558602718431122,2026-04-20_13-29-44,214.05690217018127,2656899
9XH6V9TM00SCHIH4,1764,1748,True,SimpleImputer,True,VarianceThreshold,True,MaxAbsScaler,False,None,None,None,MultinomialNB,roc_auc_score,0.8902215891671412,0.01792665360803198,0.8917194475446428,2026-04-20_13-44-26,75.39060473442078,118117
400MHE20VEMZ254K,1764,1150,True,SimpleImputer,True,VarianceThreshold,True,MinMaxScaler,False,None,None,None,ComplementNB,roc_auc_score,0.8728409855937163,0.02272812874590967,0.8523905851403061,2026-04-20_13-45-49,15.864744186401367,115115
CILNZYNKPJVIBY6W,1764,338,True,SimpleImputer,True,VarianceThreshold,True,StandardScaler,False,None,None,None,XGBClassifier,roc_auc_score,0.9661455559188242,0.00464014516212805,0.9691586615114794,2026-04-20_13-46-10,68022.43200945854,9445746
DNHYEU0N4K1TP2LN,1764,723,True,KNNImputer,True,VarianceThreshold,True,RobustScaler,False,None,None,None,LGBMClassifier,roc_auc_score,0.9892263576891918,0.002458976781691413,0.9835995296556123,2026-04-21_08-39-53,59.33828949928284,145930368
Q6HZTBHJRQPLJHIV,1764,1128,True,KNNImputer,True,VarianceThreshold,True,MinMaxScaler,False,None,None,None,LogisticRegression,roc_auc_score,0.97766166441453,0.004304887813354219,0.9696350845025511,2026-04-21_08-40-52,1567.377287387848,227474232
DQ5TLWH4R3F14O4A,1764,560,True,KNNImputer,True,VarianceThreshold,True,RobustScaler,False,None,None,None,RandomForestClassifier,roc_auc_score,0.9445145258429737,0.011421006717327698,0.9535421316964285,2026-04-21_09-08-39,262.82989501953125,113730772
7BUKT1HTY651FV93,1764,712,True,KNNImputer,True,VarianceThreshold,True,MaxAbsScaler,False,None,None,None,AdaBoostClassifier,roc_auc_score,0.9003592786817844,0.010004412897498286,0.8841775948660715,2026-04-21_09-13-07,2762.2065014839172,143628780
WEWG9HAWFZBSJ128,1764,1658,True,SimpleImputer,True,VarianceThreshold,False,None,False,None,None,None,XGBRFClassifier,roc_auc_score,0.9547201013350362,0.008403063677009158,0.9481522042410713,2026-04-21_09-59-10,325.8576674461365,807048
QINGLC5IYETM5Q07,1764,836,True,KNNImputer,True,VarianceThreshold,True,MaxAbsScaler,False,None,None,None,MultinomialNB,roc_auc_score,0.8930666705538984,0.01417416185288108,0.8925709502551021,2026-04-21_10-04-48,14.961452960968018,168589245
4GT6IXGRO3ZIE1S0,1764,586,True,KNNImputer,False,None,True,RobustScaler,False,None,None,None,BaggingClassifier,roc_auc_score,0.9820581896498994,0.005798136417043302,0.9815306122448979,2026-04-21_10-05-04,6011.326508522034,134497467
1WLGH4OMHL7VKDXF,1764,1387,True,SimpleImputer,True,VarianceThreshold,True,MinMaxScaler,False,None,None,None,ComplementNB,roc_auc_score,0.8906758574554118,0.01696790592297602,0.8849683115433673,2026-04-21_11-45-28,21.412780284881592,138774
8W5CF5HD2Y5EZAKQ,1764,1764,True,SimpleImputer,True,VarianceThreshold,True,MinMaxScaler,False,None,None,None,KNeighborsClassifier,roc_auc_score,0.9694100687553066,0.008825548919526107,0.9705206672512755,2026-04-21_11-55-58,8845.058453798294,345479052
C3ANKBHQ4LTP77WD,1764,1404,True,SimpleImputer,True,VarianceThreshold,True,RobustScaler,False,None,None,None,NearestCentroid,roc_auc_score,0.8329280523896611,0.01660467377269274,0.8344763432716836,2026-04-21_14-23-24,35.093663692474365,106401
YK33DI5DGMXR32WU,1764,111,True,SimpleImputer,True,VarianceThreshold,True,MaxAbsScaler,False,None,None,None,BaggingClassifier,roc_auc_score,0.9740725327552807,0.010306195082637684,0.9778418965242347,2026-04-21_14-24-11,886.3987090587616,23962879
Y5IVZYMGB96FIU5Y,1764,967,True,SimpleImputer,True,VarianceThreshold,True,RobustScaler,False,None,None,None,AdaBoostClassifier,roc_auc_score,0.7779557521829504,0.02282188079382616,0.7804823022959184,2026-04-21_14-39-06,9162.552870035172,250037
184RVP6I7G0XQYTU,1764,1272,True,KNNImputer,True,VarianceThreshold,True,MaxAbsScaler,False,None,None,None,BernoulliNB,roc_auc_score,0.6417443473193681,0.029073816135987664,0.6355367107780613,2026-04-21_17-11-49,19.715729475021362,256456518
ZOE83GQOSGLQCCDQ,1764,179,True,KNNImputer,True,VarianceThreshold,True,MinMaxScaler,False,None,None,None,NearestCentroid,roc_auc_score,0.7918997222317451,0.02187134885440444,0.8089837771045918,2026-04-21_19-42-09,6.146913290023804,36094166
RHPQDAXPL981XUN8,1764,789,True,SimpleImputer,True,VarianceThreshold,True,MaxAbsScaler,False,None,None,None,GradientBoostingClassifier,roc_auc_score,0.7819564668445661,0.01870771359462967,0.8592240314094388,2026-04-21_22-19-19,16.32066774368286,36369
BXXXODMGY4AUEUF3,1764,1143,True,KNNImputer,True,VarianceThreshold,True,MinMaxScaler,False,None,None,None,ComplementNB,roc_auc_score,0.8995161350600668,0.009831442459844452,0.9106839923469389,2026-04-21_22-19-39,23.793596029281616,230535589
B9Q7PA0OP5INMSNI,1764,220,False,None,True,VarianceThreshold,True,MinMaxScaler,False,None,None,None,LGBMClassifier,roc_auc_score,0.9322747839295349,0.014294953226575714,0.9188808394451531,2026-04-21_22-20-03,7.632591485977173,215267
8OBXND4JCRCD3XDJ,1764,592,True,SimpleImputer,True,VarianceThreshold,True,MaxAbsScaler,False,None,None,None,HistGradientBoostingClassifier,roc_auc_score,0.9853070491142789,0.006974288991425655,0.9871914859693878,2026-04-21_22-20-11,125.52866268157959,845152
RUGG6D9HFG0P0P4U,1764,517,True,SimpleImputer,True,VarianceThreshold,False,None,False,None,None,None,KNeighborsClassifier,roc_auc_score,0.9668403371691469,0.008661840347013732,0.9752762276785714,2026-04-21_22-22-16,154.10739064216614,97280077
FO8ALJEXGCDC1D53,1764,868,True,SimpleImputer,True,VarianceThreshold,True,MinMaxScaler,False,None,None,None,AdaBoostClassifier,roc_auc_score,0.9780563076662048,0.00792868596492287,0.9796986607142857,2026-04-21_22-25-11,41407.8998875618,304700
SI44OM5P6G19S1Z5,1764,947,True,KNNImputer,True,VarianceThreshold,True,MinMaxScaler,False,None,None,None,HistGradientBoostingClassifier,roc_auc_score,0.9539215538593917,0.008844268423711875,0.9574655213647959,2026-04-22_10-06-43,224.8260896205902,192131452
65114EE7NDURY5QX,1764,1410,True,SimpleImputer,True,VarianceThreshold,True,StandardScaler,False,None,None,None,GradientBoostingClassifier,roc_auc_score,0.8688404901045479,0.013551035775337231,0.8789362444196428,2026-04-22_10-10-30,38.7161762714386,75970
LO6PRVJFAVLYGVQX,1764,691,True,SimpleImputer,True,VarianceThreshold,True,RobustScaler,False,None,None,None,NearestCentroid,roc_auc_score,0.8443301113410697,0.019049680459431003,0.8250070750956633,2026-04-22_10-11-21,30.747289419174194,47478
ZQ8HMXUVKFLEK5ZM,1764,1763,True,SimpleImputer,True,VarianceThreshold,True,MinMaxScaler,False,None,None,None,XGBRFClassifier,roc_auc_score,0.9643784361200997,0.009620641238801941,0.966181341677296,2026-04-22_10-11-58,541.8397369384766,524072
YRION4BAFNRA66WI,1764,1141,True,SimpleImputer,True,VarianceThreshold,True,MinMaxScaler,False,None,None,None,GradientBoostingClassifier,roc_auc_score,0.8876045822451111,0.008830914332869498,0.890724649234694,2026-04-22_10-21-00,71.6912214756012,164302
4DZWES53DXQAOEFF,1764,1244,True,SimpleImputer,True,VarianceThreshold,True,MaxAbsScaler,False,None,None,None,GaussianNB,roc_auc_score,0.8342645738886727,0.014606992730214392,0.8434196627869897,2026-04-22_10-22-18,23.76673126220703,84647
GPVVND1GDQKRYTUD,1764,502,True,SimpleImputer,True,VarianceThreshold,True,MinMaxScaler,False,None,None,None,BernoulliNB,roc_auc_score,0.9468390116471589,0.010198021884327012,0.9336089963329082,2026-04-22_10-22-42,10.566720247268677,47224
F2B9XYUCZAYUCKGV,1764,1718,True,KNNImputer,True,VarianceThreshold,True,MaxAbsScaler,False,None,None,None,AdaBoostClassifier,roc_auc_score,0.9725478501091491,0.007023680135542515,0.9693259725765306,2026-04-22_10-22-53,4076.96777844429,346440090
QV6MXJQ8LP70TAMZ,1764,901,True,KNNImputer,True,VarianceThreshold,True,StandardScaler,False,None,None,None,LGBMClassifier,roc_auc_score,0.9867992995705619,0.004702255772284482,0.9853380102040817,2026-04-22_11-30-54,63.25178265571594,182218486
8YM4VR2Z2P1RG7TI,1764,509,True,KNNImputer,True,VarianceThreshold,True,RobustScaler,False,None,None,None,GaussianNB,roc_auc_score,0.8469278255875782,0.01192665657179432,0.834359654017857,2026-04-22_11-32-01,13.863608121871948,102642467
2EULSAX21F0JEK8V,1764,490,True,SimpleImputer,True,VarianceThreshold,True,StandardScaler,False,None,None,None,LGBMClassifier,roc_auc_score,0.939079264829973,0.008505633566200578,0.9299948182397959,2026-04-22_11-32-15,60.02883219718933,354442
XXFMPUEP9OMV8M0S,1764,1239,True,KNNImputer,True,VarianceThreshold,True,MinMaxScaler,False,None,None,None,GradientBoostingClassifier,roc_auc_score,0.8811408098899058,0.013282754724641112,0.8713862205038265,2026-04-22_11-33-21,31.654625415802002,249874288
YNM4Y0L8BXNE6S6G,1764,793,True,SimpleImputer,True,VarianceThreshold,True,MaxAbsScaler,False,None,None,None,NearestCentroid,roc_auc_score,0.8484694380981035,0.013274009830517502,0.8527674585459183,2026-04-22_11-33-53,14.729922533035278,60597
M9R7062XU0QJNMBE,1764,416,True,KNNImputer,True,VarianceThreshold,True,MinMaxScaler,False,None,None,None,AdaBoostClassifier,roc_auc_score,0.9354550236004885,0.012771071919090564,0.9250034877232143,2026-04-22_11-34-08,5097.8460993766785,84104212
LND59GTP3RMRJJS6,1764,1572,True,KNNImputer,True,VarianceThreshold,True,MaxAbsScaler,False,None,None,None,GradientBoostingClassifier,roc_auc_score,0.8719659269920434,0.02130050210194975,0.8804086615114797,2026-04-22_13-12-21,45.41449046134949,316980936
NZH6IF10SVNW4VWT,1764,1512,True,KNNImputer,True,VarianceThreshold,True,RobustScaler,False,None,None,None,RandomForestClassifier,roc_auc_score,0.8944738307770275,0.007933795013782684,0.8900579958545918,2026-04-22_13-13-11,107.61889791488647,305079275
BC4BKCLPUCPUQI0E,1764,1427,True,KNNImputer,True,VarianceThreshold,True,MinMaxScaler,False,None,None,None,ComplementNB,roc_auc_score,0.9024110159684333,0.014360117976646504,0.9022231744260205,2026-04-22_13-15-04,22.202669858932495,287815869
Z312PB0PR0R5I5WY,1764,1011,True,SimpleImputer,True,VarianceThreshold,True,StandardScaler,False,None,None,None,KNeighborsClassifier,roc_auc_score,0.9590659404161587,0.009167275419231942,0.9600360730229591,2026-04-22_13-15-32,301.7330071926117,198196676
PTLKQ8MYFMXX7ZPN,1764,1160,True,KNNImputer,True,VarianceThreshold,True,MaxAbsScaler,False,None,None,None,GaussianNB,roc_auc_score,0.8313599172750757,0.015541145585888861,0.8203267498405613,2026-04-22_13-20-34,27.089409112930298,233927065
R0NEUGYLZLUZ6FCN,1764,1646,True,SimpleImputer,False,None,True,MaxAbsScaler,False,None,None,None,GaussianNB,roc_auc_score,0.8354098211401062,0.01669108593207799,0.8416977240114796,2026-04-22_13-21-01,23.330819606781006,98209
LX78Y85RRMCMYECM,1764,1018,True,SimpleImputer,True,VarianceThreshold,False,None,False,None,None,None,XGBClassifier,roc_auc_score,0.7950993563736849,0.01257329806800045,0.8021050900829081,2026-04-22_13-21-32,235.19912910461426,27145
0305T898WE0IHAG1,1764,364,True,SimpleImputer,True,VarianceThreshold,True,MaxAbsScaler,False,None,None,None,ComplementNB,roc_auc_score,0.8997853368577964,0.014022537246174104,0.9001343271683674,2026-04-22_13-25-34,6.964118957519531,28535
AZKMG4WZ6X4KOOEH,1764,1597,True,KNNImputer,True,VarianceThreshold,True,MaxAbsScaler,False,None,None,None,MultinomialNB,roc_auc_score,0.8885275653425129,0.01443938814116741,0.8955453802614796,2026-04-22_13-25-41,30.760018348693848,322052419
ACNXUODCXZLK34VK,1764,886,True,SimpleImputer,True,VarianceThreshold,True,MinMaxScaler,False,None,None,None,KNeighborsClassifier,roc_auc_score,0.9653464992723808,0.006575918766433994,0.9734997807716838,2026-04-22_13-26-26,503.4700725078583,188267649
RYN36GZHIO28KJ5M,1764,754,True,SimpleImputer,True,VarianceThreshold,False,None,False,None,None,None,GaussianNB,roc_auc_score,0.8467059287648961,0.010335724991360314,0.8458063616071428,2026-04-22_13-35-27,31.03989577293396,39648
2RACMXQCEGKCE3J8,1764,263,True,SimpleImputer,True,VarianceThreshold,True,MaxAbsScaler,False,None,None,None,LGBMClassifier,roc_auc_score,0.9077426707571477,0.02087400381425191,0.9043468989158164,2026-04-22_13-36-08,58.46206879615784,435628
ESG9END17KTK0B4R,1764,604,True,SimpleImputer,False,None,True,MaxAbsScaler,False,None,None,None,GaussianNB,roc_auc_score,0.850568298279066,0.018443420290359024,0.8530443837691326,2026-04-22_13-37-07,16.658674955368042,36662
FOCOQ4FYVB7R09W7,1764,194,True,SimpleImputer,True,VarianceThreshold,True,MinMaxScaler,False,None,None,None,NearestCentroid,roc_auc_score,0.8607001909910432,0.014073702450723619,0.8798038903061224,2026-04-22_13-37-26,8.989229679107666,20749
U9PMW8DSW75DWMR8,1764,487,True,KNNImputer,True,VarianceThreshold,True,RobustScaler,False,None,None,None,GaussianNB,roc_auc_score,0.8576995127660106,0.020956378525836185,0.8710100446428571,2026-04-22_13-37-35,14.064296007156372,98210037
WHY0DF76MJEV8K3S,1764,1223,True,SimpleImputer,True,VarianceThreshold,True,MinMaxScaler,False,None,None,None,LGBMClassifier,roc_auc_score,0.9920098982590915,0.0037858859683039406,0.9898692602040815,2026-04-22_13-38-22,322.84756326675415,1038703
W9G0TCYAOVHAHCUY,1764,577,True,SimpleImputer,True,VarianceThreshold,False,None,False,None,None,None,GaussianNB,roc_auc_score,0.8490377432110684,0.013300761142006318,0.837769551179847,2026-04-22_13-43-45,18.27462100982666,30660
3O2X6XGQVSKMA95L,1764,518,True,SimpleImputer,True,VarianceThreshold,True,MinMaxScaler,False,None,None,None,BernoulliNB,roc_auc_score,0.7405004651843614,0.021336807441125222,0.7443140146683673,2026-04-22_13-44-11,19.38632369041443,48464
K33XVEGCU0B3BOF2,1764,1624,False,None,True,VarianceThreshold,True,StandardScaler,False,None,None,None,HistGradientBoostingClassifier,roc_auc_score,0.9842309206273274,0.004934603253550362,0.9889405293367347,2026-04-22_13-44-31,104.565101146698,1876065
W1PVQS3VNALFM3RU,1764,386,True,KNNImputer,True,VarianceThreshold,True,RobustScaler,False,None,None,None,LogisticRegression,roc_auc_score,0.970075877888922,0.004194063000518231,0.9679504145408163,2026-04-22_13-46-16,91.21674394607544,77833040
OBEG4BXBUW1IYET3,1764,1379,True,KNNImputer,True,VarianceThreshold,True,RobustScaler,False,None,None,None,GradientBoostingClassifier,roc_auc_score,0.8925296658680623,0.012583861059853992,0.8963768534757652,2026-04-22_13-47-50,49.30012130737305,278101030
VTFQLOQ9YVCQEPP4,1764,1461,True,KNNImputer,True,VarianceThreshold,True,MinMaxScaler,False,None,None,None,AdaBoostClassifier,roc_auc_score,0.9512622162628395,0.011633787390656493,0.9594985650510204,2026-04-22_13-48-55,15502.022889375687,294801078
4168NVYJPAHYB2TY,1764,465,True,SimpleImputer,True,VarianceThreshold,True,MaxAbsScaler,False,None,None,None,GradientBoostingClassifier,roc_auc_score,0.7908307102776339,0.018346691458961322,0.7380282405931122,2026-04-22_18-07-17,11.390214681625366,27079
Q4DOWIHT79JM4OT2,1764,247,True,KNNImputer,True,VarianceThreshold,True,MaxAbsScaler,False,None,None,None,XGBRFClassifier,roc_auc_score,0.7207054619543113,0.02325648412259782,0.7401438934948978,2026-04-22_18-07-33,22.933717727661133,51678131
1FKA2FBFBVD0X00S,1764,1716,True,SimpleImputer,True,VarianceThreshold,True,StandardScaler,False,None,None,None,XGBClassifier,roc_auc_score,0.9763930072990477,0.007637461573546248,0.9775601881377551,2026-04-22_18-08-17,75188.30337524414,48856205
7BD3K2QTD3ESCP7O,1764,1554,True,SimpleImputer,True,VarianceThreshold,True,MaxAbsScaler,False,None,None,None,NearestCentroid,roc_auc_score,0.8316986540459086,0.00965654169423096,0.8367608019770407,2026-04-23_15-01-26,65.49538850784302,117780
SWINKETGDAZJGYNN,1764,1727,True,KNNImputer,True,VarianceThreshold,True,StandardScaler,False,None,None,None,AdaBoostClassifier,roc_auc_score,0.9784161484956455,0.0090929128113502,0.9836943957270409,2026-04-23_15-02-31,24459.71311211586,348474533
T0QZ2K6BVIAIJG4X,1764,676,True,SimpleImputer,True,VarianceThreshold,True,MinMaxScaler,False,None,None,None,KNeighborsClassifier,roc_auc_score,0.9658046991355367,0.008339299341656734,0.9644304049744897,2026-04-23_21-50-12,196.24037384986877,127104629
WOYJFZB935XYQRII,1764,562,True,KNNImputer,True,VarianceThreshold,True,StandardScaler,False,None,None,None,AdaBoostClassifier,roc_auc_score,0.9524862216689731,0.010495891958022032,0.945660176179847,2026-04-23_21-53-44,2615.0372807979584,113402246
VQG3WDO03MAN9VKI,1764,225,True,SimpleImputer,True,VarianceThreshold,False,None,False,None,None,None,LGBMClassifier,roc_auc_score,0.9241919860009837,0.07289497943996816,0.9816894531249999,2026-04-23_22-37-19,28.486613035202026,354255
FN7U6LYBWI49SDU7,1764,1232,True,KNNImputer,True,VarianceThreshold,True,MaxAbsScaler,False,None,None,None,XGBClassifier,roc_auc_score,0.970701926758928,0.011338646190492614,0.9679450334821428,2026-04-23_22-37-48,39335.87477374077,282078184
S4TBZH3X8EZZHMMN,1764,814,True,KNNImputer,True,VarianceThreshold,True,StandardScaler,False,None,None,None,ExtraTreesClassifier,roc_auc_score,0.8853050325406991,0.00873687391285773,0.8817849170918367,2026-04-24_09-33-38,207.053453207016,164660245
8H5WR5P1L8BVTRU1,1764,1120,True,SimpleImputer,True,VarianceThreshold,True,StandardScaler,False,None,None,None,AdaBoostClassifier,roc_auc_score,0.9470321221685764,0.009499433544279503,0.9500568000637756,2026-04-24_09-37-11,7485.938670873642,166730
VORJ7T16CUEMLFCI,1764,541,True,SimpleImputer,True,VarianceThreshold,True,MaxAbsScaler,False,None,None,None,HistGradientBoostingClassifier,roc_auc_score,0.9875715819057916,0.0038483095842830836,0.9919210379464285,2026-04-24_11-42-12,169.31923651695251,1381315
0SZCIOVQLNFD9069,1764,459,True,SimpleImputer,True,VarianceThreshold,True,StandardScaler,False,None,None,None,XGBClassifier,roc_auc_score,0.8741551106603358,0.01069472996258953,0.8752358697385203,2026-04-24_11-45-05,650.4648861885071,5270479
BVHAH7ZIPL5YFEUN,1764,1252,False,None,True,VarianceThreshold,True,MaxAbsScaler,False,None,None,None,AdaBoostClassifier,roc_auc_score,0.9764452709002827,0.007217427830483694,0.9846677694515306,2026-04-24_11-55-55,13531.875756502151,223841
R6RAK7PK6YX2251R,1764,401,True,SimpleImputer,True,VarianceThreshold,True,StandardScaler,False,None,None,None,HistGradientBoostingClassifier,roc_auc_score,0.9746652975835538,0.0085500122522313,0.9749938217474489,2026-04-24_15-41-28,129.2361137866974,1823579
M6W1173DTE0B2RPL,1764,421,True,SimpleImputer,True,VarianceThreshold,True,RobustScaler,False,None,None,None,HistGradientBoostingClassifier,roc_auc_score,0.9675741361893009,0.009399525644600561,0.9716822783801021,2026-04-24_15-43-49,167.95198893547058,1439280
WXA40KXYH1L0WPQQ,1764,748,True,SimpleImputer,False,None,True,RobustScaler,False,None,None,None,BernoulliNB,roc_auc_score,0.9131517301708689,0.015894100924649143,0.9158742227359694,2026-04-24_15-46-37,26.0275719165802,45201
9XHH873SU6SIZM5H,1764,157,True,KNNImputer,True,VarianceThreshold,True,MinMaxScaler,False,None,None,None,XGBRFClassifier,roc_auc_score,0.8798642737021629,0.007837293928854972,0.8732132892219386,2026-04-24_15-47-03,5.828422784805298,31664039
5AQGC84J1OPILHAG,1764,731,True,SimpleImputer,True,VarianceThreshold,False,None,False,None,None,None,RandomForestClassifier,roc_auc_score,0.8763476937613064,0.00934965701910182,0.874457708864796,2026-04-24_15-47-09,69.88970708847046,450071
KCG45IM4SD4002M7,1764,583,True,KNNImputer,True,VarianceThreshold,True,MinMaxScaler,False,None,None,None,GaussianNB,roc_auc_score,0.852177808016482,0.02259019145312803,0.8707353117028063,2026-04-24_15-48-24,14.724299430847168,117583454
3FGDEP66CQKRVT3Q,1764,1234,True,SimpleImputer,True,VarianceThreshold,True,MinMaxScaler,False,None,None,None,HistGradientBoostingClassifier,roc_auc_score,0.8517731111615247,0.015697839921173743,0.8705611248405611,2026-04-24_15-48-50,91.45726013183594,1350276
CWUPT68MYYIXTO94,1764,797,True,KNNImputer,False,None,True,MinMaxScaler,False,None,None,None,KNeighborsClassifier,roc_auc_score,0.9603927033304256,0.006398080351919381,0.9726726921237245,2026-04-24_16-35-38,180.34822487831116,303713422
NF3ARY0P5WGEMRUB,1764,470,True,KNNImputer,True,VarianceThreshold,True,MinMaxScaler,False,None,None,None,LGBMClassifier,roc_auc_score,0.9337360591329145,0.008854679254533851,0.9257081074617348,2026-04-24_16-38-40,127.83148717880249,95855168
Y2KVR1FMOHOE3RK7,1764,1413,True,SimpleImputer,True,VarianceThreshold,True,MinMaxScaler,False,None,None,None,HistGradientBoostingClassifier,roc_auc_score,0.9839491231072263,0.006267584598178563,0.9766222895408164,2026-04-24_16-41-14,145.72397589683533,2996068
ZXYE2W3PKC7LBXQZ,1764,1194,True,SimpleImputer,True,VarianceThreshold,True,StandardScaler,False,None,None,None,KNeighborsClassifier,roc_auc_score,0.9670137213242764,0.009482849451801102,0.9716727120535713,2026-04-24_16-43-40,294.319810628891,214196635
YHPMV4GN6D1IRPNC,1764,1534,True,SimpleImputer,True,VarianceThreshold,True,StandardScaler,False,None,None,None,NearestCentroid,roc_auc_score,0.8389684183805818,0.016787754995538116,0.8272836615114796,2026-04-24_16-48-35,32.25668382644653,128674
DH7DY01BGPCVLQDQ,1764,492,True,KNNImputer,False,None,True,MaxAbsScaler,False,None,None,None,MultinomialNB,roc_auc_score,0.8692106975427623,0.015347198422188103,0.8817924904336736,2026-04-24_16-49-07,7.494577646255493,99213947
976CLI5PV97KIVAG,1764,619,True,SimpleImputer,True,VarianceThreshold,True,StandardScaler,False,None,None,None,ExtraTreesClassifier,roc_auc_score,0.8749242084961122,0.011304451125561577,0.8712816884566326,2026-04-24_16-49-18,29.541746616363525,84528
R8IHXPN82A68O80K,1764,916,True,SimpleImputer,True,VarianceThreshold,True,RobustScaler,False,None,None,None,RandomForestClassifier,roc_auc_score,0.7453585416272531,0.01327762868650164,0.7417984693877551,2026-04-24_16-49-47,433.47868752479553,149806
J224KSCY13QTHD61,1764,1352,True,SimpleImputer,True,VarianceThreshold,True,StandardScaler,False,None,None,None,ExtraTreesClassifier,roc_auc_score,0.8720407088387756,0.008480951780477737,0.8604709422831631,2026-04-24_16-57-01,476.633926153183,668814
9LXHFWC6856EGD6Z,1764,978,True,KNNImputer,True,VarianceThreshold,True,RobustScaler,False,None,None,None,GaussianNB,roc_auc_score,0.8248029421999125,0.015566490359764214,0.8175686583227041,2026-04-24_17-05-05,24.69916343688965,197224794
YMZDM6YU66KC2M5H,1764,532,True,KNNImputer,True,VarianceThreshold,True,RobustScaler,False,None,None,None,LGBMClassifier,roc_auc_score,0.9896500085714498,0.004812393410146619,0.9944577088647959,2026-04-24_17-05-34,157.0657982826233,108277975
Q7VVEUPHCC8IWVD7,1764,695,True,KNNImputer,True,VarianceThreshold,True,StandardScaler,False,None,None,None,KNeighborsClassifier,roc_auc_score,0.9599270289951651,0.006961682503780788,0.9651501713966838,2026-04-24_17-08-14,53.86958575248718,264845128
BD44Y724YDMM58M1,1764,903,True,KNNImputer,True,VarianceThreshold,True,StandardScaler,False,None,None,None,BernoulliNB,roc_auc_score,0.7901835713943733,0.015240664638636728,0.7770357342155613,2026-04-24_17-09-16,19.886184215545654,182107814
EOA3T900RXMC2FUC,1764,767,True,KNNImputer,True,VarianceThreshold,True,MinMaxScaler,False,None,None,None,KNeighborsClassifier,roc_auc_score,0.9212557845557561,0.013739736592584009,0.9303563456632654,2026-04-24_17-09-36,75.15094232559204,292294385
540J6CM53EYZRU99,1764,952,True,KNNImputer,False,None,True,StandardScaler,False,None,None,None,ExtraTreesClassifier,roc_auc_score,0.9039213933453627,0.00871324686114085,0.901392897002551,2026-04-24_17-10-52,145.5070242881775,192421567
UE2MFCTIL4DQ7AFC,1764,1319,True,KNNImputer,True,VarianceThreshold,True,StandardScaler,False,None,None,None,LGBMClassifier,roc_auc_score,0.9750885745443952,0.005520236970231652,0.9783628627232143,2026-04-24_17-13-18,531.8687212467194,267335268
QIKMQAVVWPKSU3S4,1764,460,True,SimpleImputer,True,VarianceThreshold,True,MaxAbsScaler,False,None,None,None,AdaBoostClassifier,roc_auc_score,0.9761477780007036,0.005653459157997232,0.9683217075892857,2026-04-24_17-22-10,3663.0390191078186,157071
5SBAU3C1Q9GZTKDM,1764,1361,True,KNNImputer,True,VarianceThreshold,True,MaxAbsScaler,False,None,None,None,BernoulliNB,roc_auc_score,0.7178447819990587,0.013563157744343976,0.7249752869897959,2026-04-24_18-23-13,27.198826551437378,274460713
NA1PXBY6NTXEAFF0,1764,322,True,SimpleImputer,False,None,True,StandardScaler,False,None,None,None,LogisticRegression,roc_auc_score,0.9680655983238914,0.006749582980221076,0.9709133848852041,2026-04-24_18-23-48,117.86694860458374,15348
M4CUIJ1JCUG0DR2W,1764,441,True,KNNImputer,True,VarianceThreshold,True,MinMaxScaler,False,None,None,None,AdaBoostClassifier,roc_auc_score,0.9394307369878913,0.007244001433292351,0.9394034000318877,2026-04-24_18-25-58,3450.2554445266724,89069449
9BD9EWDMQZULJJMV,1764,1292,True,KNNImputer,True,VarianceThreshold,True,MinMaxScaler,False,None,None,None,LGBMClassifier,roc_auc_score,0.9881222347943016,0.005422386532557601,0.9914917490433673,2026-04-24_19-23-28,238.71938157081604,261232838
IBDPU452AIF7BI20,1764,352,False,None,True,VarianceThreshold,True,MaxAbsScaler,False,None,None,None,AdaBoostClassifier,roc_auc_score,0.9697069113033807,0.007991693972017043,0.9752648676658163,2026-04-24_19-27-33,1810.5202198028564,99237
E88XT2TY7OO1ZIJQ,1764,1731,True,KNNImputer,True,VarianceThreshold,True,RobustScaler,False,None,None,None,GaussianNB,roc_auc_score,0.8354320781557135,0.02753746106626628,0.8269889987244898,2026-04-24_19-57-52,45.159364223480225,349068675
M9A0V6S6UAZ73FOS,1764,1694,False,None,True,VarianceThreshold,True,StandardScaler,False,None,None,None,HistGradientBoostingClassifier,roc_auc_score,0.9787323516390988,0.005952873370060278,0.9739732142857142,2026-04-24_19-58-43,516.2864525318146,1909090
QO1CFQEAFTQFHBK0,1764,260,True,KNNImputer,True,VarianceThreshold,True,MaxAbsScaler,False,None,None,None,ComplementNB,roc_auc_score,0.8811996299108384,0.01464836635376645,0.8813091916454081,2026-04-24_20-07-29,6.465972900390625,52434795
BKD5QF55MP2FUPKL,1764,1477,True,KNNImputer,True,VarianceThreshold,True,RobustScaler,False,None,None,None,RandomForestClassifier,roc_auc_score,0.8153655698862374,0.02186132577007784,0.7923479352678571,2026-04-24_20-10-01,3810.821601867676,297974722
PI12B45WDOVAPXY3,1764,1016,True,SimpleImputer,True,VarianceThreshold,True,StandardScaler,False,None,None,None,BernoulliNB,roc_auc_score,0.8064384927859765,0.01446537187377778,0.8203249561543368,2026-04-24_21-24-45,122.2323248386383,77637
GV3CSZCS6EV2Z5DC,1764,895,True,SimpleImputer,True,VarianceThreshold,True,MinMaxScaler,False,None,None,None,KNeighborsClassifier,roc_auc_score,0.9606785108441962,0.012400374467936128,0.9664697265625,2026-04-24_21-26-48,76.46206307411194,160617560
FSPTU5FSS4YEAJ8W,1764,548,True,KNNImputer,True,VarianceThreshold,True,MaxAbsScaler,False,None,None,None,KNeighborsClassifier,roc_auc_score,0.9520930221984498,0.006708816551072577,0.9626022401147959,2026-04-24_21-28-21,3200.264570713043,213571559
ZJZMRFQN01VJX7LN,1764,1517,True,SimpleImputer,True,VarianceThreshold,True,RobustScaler,False,None,None,None,XGBClassifier,roc_auc_score,0.7413237262740215,0.017834960737289848,0.7015081911670917,2026-04-24_22-29-44,362.6737539768219,35995382
YMOQ4ZZ8R9HRM6WW,1764,257,True,SimpleImputer,True,VarianceThreshold,True,StandardScaler,False,None,None,None,LGBMClassifier,roc_auc_score,0.9536888062036191,0.008904307600068346,0.9568830715880101,2026-04-26_21-29-53,46.35303735733032,488955
J9Z2SZO8X8S3LNEW,1764,441,True,SimpleImputer,True,VarianceThreshold,True,MinMaxScaler,False,None,None,None,ComplementNB,roc_auc_score,0.902463001353939,0.016381344364227963,0.90685546875,2026-04-26_21-30-51,7.579164505004883,45029
V6WPA7SDLRQW3M6P,1764,1696,True,KNNImputer,True,VarianceThreshold,True,RobustScaler,False,None,None,None,HistGradientBoostingClassifier,roc_auc_score,0.953443555853481,0.009947493096617481,0.9549180883290815,2026-04-26_21-30-59,60.86895990371704,342501325
L4ND2NJ5WYVJTT6J,1764,720,True,KNNImputer,True,VarianceThreshold,True,StandardScaler,False,None,None,None,XGBRFClassifier,roc_auc_score,0.853290140121078,0.014323745895919716,0.8556122448979593,2026-04-26_21-32-00,18.87086820602417,145184963
RKI392SS5Q6IS2BJ,1764,963,True,SimpleImputer,True,VarianceThreshold,True,RobustScaler,False,None,None,None,NearestCentroid,roc_auc_score,0.8525649727296999,0.010880884836491383,0.8451902303890306,2026-04-26_21-32-32,36.79330372810364,73607
TMYP79VWFHF4OUVV,1764,1326,True,SimpleImputer,True,VarianceThreshold,True,MaxAbsScaler,False,None,None,None,KNeighborsClassifier,roc_auc_score,0.9298450026025208,0.01266883616816099,0.9221505301339286,2026-04-26_21-33-09,38314.043595552444,259805903
J3UEVDM0XAUSMWWT,1764,723,True,KNNImputer,True,VarianceThreshold,True,MaxAbsScaler,False,None,None,None,NearestCentroid,roc_auc_score,0.8415000455572272,0.011802004868108383,0.8447358298788266,2026-04-27_08-11-43,15.403581380844116,145807242
W0CN5LGAJ540R01G,1764,389,True,SimpleImputer,True,VarianceThreshold,True,RobustScaler,False,None,None,None,NearestCentroid,roc_auc_score,0.854116005978103,0.01786298214646808,0.8489155173788265,2026-04-27_08-12-06,11.688851594924927,30633
2Q1QK7HL5X0N728F,1764,1654,True,KNNImputer,True,VarianceThreshold,True,MinMaxScaler,False,None,None,None,ComplementNB,roc_auc_score,0.886747413614775,0.012480025853485777,0.8945737005739796,2026-04-27_08-12-25,35.44336247444153,333600156
F5F7GP9S11DZJNDP,1764,1128,True,KNNImputer,True,VarianceThreshold,True,MinMaxScaler,False,None,None,None,XGBClassifier,roc_auc_score,0.914114483482493,0.009648045178880018,0.9193934351084183,2026-04-27_08-13-17,116.48855781555176,227472165
193XY2A7ZC4IJK3Q,1764,324,True,KNNImputer,True,VarianceThreshold,True,RobustScaler,False,None,None,None,SGDClassifier,roc_auc_score,0.9696378379075753,0.008704557272086674,0.9627150430484693,2026-04-27_08-15-36,34.7177095413208,65337402
YLTI5EZY11477N99,1764,201,True,KNNImputer,True,VarianceThreshold,True,MaxAbsScaler,False,None,None,None,LogisticRegression,roc_auc_score,0.9661912563751012,0.008054405880109819,0.9542026068239795,2026-04-27_08-16-11,63.9353928565979,40530583
XD001DZ761R3M5NT,1764,674,True,KNNImputer,True,VarianceThreshold,True,MaxAbsScaler,False,None,None,None,BaggingClassifier,roc_auc_score,0.9832556731840567,0.004081167910715746,0.983269889987245,2026-04-27_08-17-22,8308.678147315979,162643656
NEKYG81YMWVH0DEC,1764,1392,True,SimpleImputer,True,VarianceThreshold,True,RobustScaler,False,None,None,None,RandomForestClassifier,roc_auc_score,0.8836424014984233,0.007974854837473006,0.8910941485969387,2026-04-27_10-35-58,88.37256598472595,227244
W8KM5BZ2VKAXM6BC,1764,1477,True,SimpleImputer,True,VarianceThreshold,True,MinMaxScaler,False,None,None,None,BernoulliNB,roc_auc_score,0.6507454848342019,0.028922978253357202,0.6484097975127551,2026-04-27_10-37-27,26.16553020477295,135608
GMAX8DXE0BLZ0E3Y,1764,1603,False,None,True,VarianceThreshold,True,MinMaxScaler,False,None,None,None,HistGradientBoostingClassifier,roc_auc_score,0.9885637733551433,0.004690543533957157,0.9905604272959183,2026-04-27_10-55-31,306.8301725387573,2057956
WKFGAYSDP4P40GQZ,1764,502,True,SimpleImputer,True,VarianceThreshold,False,None,False,None,None,None,GaussianNB,roc_auc_score,0.8596100150224597,0.014935812475730727,0.871143176020408,2026-04-27_11-00-41,19.156797647476196,26632
I666VQDHBS6C5T0Q,1764,1203,True,SimpleImputer,True,VarianceThreshold,True,MinMaxScaler,False,None,None,None,RandomForestClassifier,roc_auc_score,0.8880599021764958,0.007576507149885734,0.8928914221938776,2026-04-27_11-01-04,138.38651514053345,486074
MC0PO588LBOJ54YA,1764,668,False,None,True,VarianceThreshold,True,MaxAbsScaler,False,None,None,None,GaussianNB,roc_auc_score,0.8425684534458584,0.01760267829981405,0.8367452566964285,2026-04-27_11-03-23,10.92349123954773,40338
ZU3PN41MKUS4XSU0,1764,349,True,KNNImputer,True,VarianceThreshold,True,RobustScaler,False,None,None,None,LogisticRegression,roc_auc_score,0.9626812508788584,0.011141032016102222,0.9703702965561224,2026-04-27_11-04-03,144.98322081565857,70369715
I52TMO66L7K8KPWG,1764,402,True,KNNImputer,True,VarianceThreshold,True,MinMaxScaler,False,None,None,None,KNeighborsClassifier,roc_auc_score,0.9687172879181201,0.006619633422489653,0.9745999083227042,2026-04-27_11-06-28,86.988436460495,153283240
ZNPJBPCH19MAX396,1764,1591,True,KNNImputer,True,VarianceThreshold,True,MaxAbsScaler,False,None,None,None,XGBRFClassifier,roc_auc_score,0.9410658812841304,0.009214427368440584,0.9452765266262755,2026-04-27_11-07-56,1845.2259275913239,321305820
DXIQBFXV9O2AQY6K,1764,888,True,KNNImputer,True,VarianceThreshold,True,MaxAbsScaler,False,None,None,None,AdaBoostClassifier,roc_auc_score,0.9469401327378877,0.014520124418013636,0.9499515704719388,2026-04-27_11-38-41,10863.723153829575,179261918
CON1U7FF6NLG8E8J,1764,1429,True,SimpleImputer,True,VarianceThreshold,True,MinMaxScaler,False,None,None,None,NearestCentroid,roc_auc_score,0.8440227859405425,0.011591834715014649,0.818850247130102,2026-04-27_14-39-50,27.343749523162842,142662
XTV9WUHUA3UTV556,1764,1258,True,KNNImputer,True,VarianceThreshold,True,StandardScaler,False,None,None,None,BaggingClassifier,roc_auc_score,0.9812901154632273,0.004425433604965913,0.9857093032525511,2026-04-27_14-40-33,13538.557963609695,276163138
8Y08EC4WVFYKCQT9,1764,1630,True,KNNImputer,True,VarianceThreshold,True,MaxAbsScaler,False,None,None,None,MultinomialNB,roc_auc_score,0.8924849032343344,0.013868532228229662,0.8950027901785715,2026-04-27_18-26-13,59.58107829093933,328706947
OKB5CU9L8XYETQJY,1764,1517,True,SimpleImputer,True,VarianceThreshold,True,StandardScaler,False,None,None,None,ComplementNB,roc_auc_score,0.8727648212130088,0.014419204495180207,0.8542879065688775,2026-04-27_18-27-16,23.519630193710327,127308
NIHXS3NLLXUKIGEY,1764,729,True,KNNImputer,True,VarianceThreshold,True,RobustScaler,False,None,None,None,RandomForestClassifier,roc_auc_score,0.8775185626427415,0.009459347324622574,0.8821870017538265,2026-04-27_18-39-55,369.49150037765503,147367721
ZZ9MPL0KB6TIUKB1,1764,946,True,SimpleImputer,True,VarianceThreshold,True,MaxAbsScaler,False,None,None,None,ComplementNB,roc_auc_score,0.8794304706835898,0.013320388519483337,0.876142578125,2026-04-27_18-46-04,15.049903392791748,72327
1ZZYFONYFTTGJM8W,1764,671,True,KNNImputer,True,VarianceThreshold,True,MaxAbsScaler,False,None,None,None,MultinomialNB,roc_auc_score,0.8936970308900551,0.015398246724993094,0.9000914779974489,2026-04-27_18-46-24,11.679916858673096,135314672
472U67U19HML4B7D,1764,948,True,SimpleImputer,True,VarianceThreshold,True,RobustScaler,False,None,None,None,XGBRFClassifier,roc_auc_score,0.9244653580319593,0.009805591514287797,0.9313093909438774,2026-04-27_18-46-39,26.473081827163696,40918
C92YGQGXQGVSIF9Y,1764,1486,True,KNNImputer,True,VarianceThreshold,False,None,False,None,None,None,LGBMClassifier,roc_auc_score,0.9646870031723168,0.010343433973554571,0.9610815927933674,2026-04-27_18-47-06,324.3913264274597,300529765
MLPXE04S09IMB4YP,1764,858,True,SimpleImputer,True,VarianceThreshold,True,RobustScaler,False,None,None,None,BernoulliNB,roc_auc_score,0.8006314407847792,0.01851585757970153,0.8060676419005102,2026-04-27_18-52-46,36.71364665031433,58687
XSPFDI0OBRO2WDOS,1764,107,True,SimpleImputer,True,VarianceThreshold,True,MaxAbsScaler,False,None,None,None,XGBClassifier,roc_auc_score,0.9168360475469675,0.00943293542351987,0.914306341677296,2026-04-27_19-01-01,361.81442952156067,14887419
1V5EWWOJ381LI5G9,1764,815,True,KNNImputer,True,VarianceThreshold,True,StandardScaler,False,None,None,None,LogisticRegression,roc_auc_score,0.955951819577829,0.00890952533821398,0.9681808035714285,2026-04-27_19-07-03,225.02960872650146,164341426
0KRB5DUNZBK69I0M,1764,786,True,SimpleImputer,True,VarianceThreshold,True,MaxAbsScaler,False,None,None,None,MultinomialNB,roc_auc_score,0.8934328363248858,0.01819906479831295,0.9154860889668368,2026-04-27_19-16-37,27.327569007873535,54011
LYX7OEXP348SYL4F,1764,848,True,SimpleImputer,True,VarianceThreshold,True,StandardScaler,False,None,None,None,RandomForestClassifier,roc_auc_score,0.8553131776643165,0.011844646905961313,0.8533212093431122,2026-04-27_19-17-12,41.41485333442688,224984
00AJXM6WQ5XXJLB1,1764,853,True,SimpleImputer,True,VarianceThreshold,True,StandardScaler,False,None,None,None,AdaBoostClassifier,roc_auc_score,0.9743721908886325,0.005953112980664021,0.981639030612245,2026-04-27_19-17-56,2540.4832122325897,76463
N5GNMZ8TBGRU5E33,1764,1055,True,SimpleImputer,True,VarianceThreshold,True,MaxAbsScaler,False,None,None,None,RandomForestClassifier,roc_auc_score,0.8713878766446305,0.015502931439656165,0.8757429846938776,2026-04-27_20-00-16,32.191078424453735,394277
YFH921GJZ48GZIEN,1764,343,True,SimpleImputer,True,VarianceThreshold,True,MaxAbsScaler,False,None,None,None,BernoulliNB,roc_auc_score,0.6628460246248867,0.01598775106238644,0.6718788863201531,2026-04-27_20-01-07,14.128425121307373,24393
GJ3NR3D7VNMQGT2H,1764,220,True,SimpleImputer,True,VarianceThreshold,True,MinMaxScaler,False,None,None,None,KNeighborsClassifier,roc_auc_score,0.9603599100696396,0.01263954423181209,0.9623131576849491,2026-04-27_20-01-21,15.310214519500732,39617638
V8O7PZ77O7W046JF,1764,1086,True,SimpleImputer,True,VarianceThreshold,True,MinMaxScaler,False,None,None,None,XGBClassifier,roc_auc_score,0.8094026044263989,0.018824200759798185,0.7725822106186224,2026-04-27_20-01-54,46.096189975738525,72239
1MDA8FKS23TWYIST,1764,507,True,KNNImputer,True,VarianceThreshold,True,RobustScaler,False,None,None,None,LogisticRegression,roc_auc_score,0.8593596336690961,0.03639692363382943,0.878664700255102,2026-04-27_20-02-44,220.17130208015442,102231194
0ZRWFX4JEDRE4BEW,1764,347,True,SimpleImputer,True,VarianceThreshold,True,MinMaxScaler,False,None,None,None,ComplementNB,roc_auc_score,0.8741107616955788,0.024016539658132528,0.8770192920918367,2026-04-27_20-06-38,7.140988111495972,35937
AUJUU0O2UN6NX4XM,1764,1745,True,KNNImputer,True,VarianceThreshold,True,StandardScaler,False,None,None,None,BaggingClassifier,roc_auc_score,0.9834514793727257,0.00361503506433266,0.9836982820471939,2026-04-27_20-32-02,46274.56395435333,375586036
LZZYQR7V98O89XAZ,1764,1307,True,SimpleImputer,True,VarianceThreshold,True,MaxAbsScaler,False,None,None,None,AdaBoostClassifier,roc_auc_score,0.9816886945042892,0.005817293592817832,0.9792231345663265,2026-04-28_09-25-01,14262.430408716202,239247
NDR8VPT5WA6KQYS1,1764,498,True,SimpleImputer,True,VarianceThreshold,True,MaxAbsScaler,False,None,None,None,LGBMClassifier,roc_auc_score,0.9880701247302162,0.005802398710593217,0.984923469387755,2026-04-28_13-43-12,114.59419631958008,688412
PV9FF4ZLDZ0DTYJN,1764,1106,True,KNNImputer,True,VarianceThreshold,True,MinMaxScaler,False,None,None,None,XGBRFClassifier,roc_auc_score,0.9596569891537559,0.010401199676690375,0.9555619220344388,2026-04-28_13-45-07,1062.8303344249725,223934925
YQB2A8W6W44VIO6D,1764,1546,True,KNNImputer,True,VarianceThreshold,True,StandardScaler,False,None,None,None,KNeighborsClassifier,roc_auc_score,0.9644112648250027,0.006993358972287048,0.9667824258609694,2026-04-28_14-02-57,426.1894874572754,588953207
083GWTK7RTGX2RDP,1764,216,True,SimpleImputer,True,VarianceThreshold,True,MinMaxScaler,False,None,None,None,GaussianNB,roc_auc_score,0.8627758008702701,0.010842111811524918,0.8613210499043367,2026-04-29_07-14-27,7.274656295776367,21210
F7CPBHH1OPLNE2QN,1764,965,True,SimpleImputer,True,VarianceThreshold,True,RobustScaler,False,None,None,None,BaggingClassifier,roc_auc_score,0.9829769413574899,0.0035091401222775626,0.9708702367665816,2026-04-29_07-14-35,5837.866828680038,10233845
A7COPJ0ZSBAWGFVY,1764,1066,True,KNNImputer,True,VarianceThreshold,True,MinMaxScaler,False,None,None,None,RandomForestClassifier,roc_auc_score,0.9298465966378575,0.018142020156917994,0.9318888512436225,2026-04-29_08-52-42,1187.4533560276031,215508591
FHOJ63F84GF0TKSF,1764,1601,True,KNNImputer,True,VarianceThreshold,True,MinMaxScaler,False,None,None,None,GaussianNB,roc_auc_score,0.8358533397316027,0.01794343280562972,0.8311333107461734,2026-04-29_09-12-33,40.99484825134277,322897626
OFM9Z4HPUZ6BB8ZM,1764,269,True,SimpleImputer,True,VarianceThreshold,True,RobustScaler,False,None,None,None,HistGradientBoostingClassifier,roc_auc_score,0.710123226450993,0.031614229729110176,0.6983427335778061,2026-04-29_09-13-15,38.284560680389404,262184
3V93P7Q5PAUXI6FM,1764,1632,True,SimpleImputer,True,VarianceThreshold,True,MinMaxScaler,False,None,None,None,HistGradientBoostingClassifier,roc_auc_score,0.9504104875270516,0.00850863411489626,0.9585796994579081,2026-04-29_09-13-53,201.02003169059753,836708
Y7GOE6JJY8JBCH8L,1764,323,True,KNNImputer,True,VarianceThreshold,True,MinMaxScaler,False,None,None,None,MultinomialNB,roc_auc_score,0.8701024068240966,0.0225224549937757,0.8578290417729592,2026-04-29_09-17-21,6.979568243026733,65145643
W5OKR6OHD9141EAS,1764,424,True,SimpleImputer,True,VarianceThreshold,True,MaxAbsScaler,False,None,None,None,GaussianNB,roc_auc_score,0.8462900800244395,0.016508892174964682,0.8399551578443878,2026-04-29_09-17-28,9.433158159255981,29600
H7QANAKCR4X9A4ZV,1764,1751,True,KNNImputer,True,VarianceThreshold,True,MinMaxScaler,False,None,None,None,BaggingClassifier,roc_auc_score,0.977808330245334,0.00970753933525535,0.9764267777423471,2026-04-29_09-17-42,106132.63841605186,397299548
ZZC56PID9RS4K3BQ,1764,973,True,KNNImputer,True,VarianceThreshold,True,MinMaxScaler,False,None,None,None,MultinomialNB,roc_auc_score,0.9043832253718387,0.00821840548078302,0.9020912388392858,2026-04-30_14-47-01,308.0580246448517,196240153
O95SU0A0SGJMCCOQ,1764,568,True,SimpleImputer,True,VarianceThreshold,False,None,False,None,None,None,BaggingClassifier,roc_auc_score,0.9829626995547323,0.004698525458346164,0.9790440648915817,2026-04-30_14-52-09,6061.722886562347,19570540
E9BTJQ4B8543P511,1764,1526,True,SimpleImputer,True,VarianceThreshold,True,MaxAbsScaler,False,None,None,None,LGBMClassifier,roc_auc_score,0.9868060665466147,0.002349726945162281,0.9821631855867348,2026-04-30_17-09-10,851.5813722610474,1909446
G6R9JOIURRG5IAZL,1764,316,True,SimpleImputer,True,VarianceThreshold,True,MaxAbsScaler,False,None,None,None,HistGradientBoostingClassifier,roc_auc_score,0.6662994037006235,0.01461469717229115,0.6583530970982143,2026-04-30_17-23-25,19.037457704544067,343846
BD38IG8RKYV1Y8ZT,1764,467,True,KNNImputer,True,VarianceThreshold,True,MaxAbsScaler,False,None,None,None,AdaBoostClassifier,roc_auc_score,0.9683153461710381,0.005761210137903507,0.9667596061862245,2026-04-30_17-23-44,1969.488319158554,94234818
KCL9RIY9NUBV6RWT,1764,237,True,SimpleImputer,False,None,False,None,False,None,None,None,GaussianNB,roc_auc_score,0.8455714631795939,0.015960681442667435,0.8220354352678572,2026-04-30_17-56-33,4.918029308319092,11088
1DH6EEOA3DI0NQH4,1764,841,True,KNNImputer,True,VarianceThreshold,True,MaxAbsScaler,False,None,None,None,AdaBoostClassifier,roc_auc_score,0.9730805551130205,0.007698820498290997,0.9785967394770407,2026-04-30_17-56-38,6930.822191953659,169716140
RNGDMPSX6CVJNRR8,1764,1552,True,KNNImputer,True,VarianceThreshold,True,MinMaxScaler,False,None,None,None,AdaBoostClassifier,roc_auc_score,0.9423324637384756,0.009297763959523775,0.9343022560586733,2026-04-30_19-52-09,7621.509738683701,313051339
J9QWDSLRGHLVF7MK,1764,339,True,KNNImputer,True,VarianceThreshold,True,MinMaxScaler,False,None,None,None,MultinomialNB,roc_auc_score,0.7512052618331148,0.025312818412809142,0.7624294483418367,2026-04-30_21-59-11,5.974727392196655,68352534
PMU9QSN88DH6CS6N,1764,544,True,SimpleImputer,True,VarianceThreshold,True,MaxAbsScaler,False,None,None,None,ComplementNB,roc_auc_score,0.8969824474471834,0.017109690360306844,0.8921841119260203,2026-04-30_21-59-24,9.577748537063599,42211
JH9VT5WHGQM3L852,1764,907,False,None,True,VarianceThreshold,True,StandardScaler,False,None,None,None,LGBMClassifier,roc_auc_score,0.971711513086427,0.005767735622071295,0.9778226642219389,2026-04-30_22-00-39,216.88367557525635,827142
AYA5GDH497EESRII,1764,1123,False,None,True,VarianceThreshold,True,MaxAbsScaler,False,None,None,None,BaggingClassifier,roc_auc_score,0.9811074214614193,0.006189008125733355,0.9821712571747448,2026-04-30_22-04-16,3677.6346163749695,8683241
C3EIUZDK9TS8F7OC,1764,939,False,None,True,VarianceThreshold,True,RobustScaler,False,None,None,None,HistGradientBoostingClassifier,roc_auc_score,0.9341010980949672,0.01078355272092597,0.9392876076211734,2026-04-30_23-05-52,86.32462811470032,1651876
4JKGCHG1S5PRU1QE,1764,569,True,SimpleImputer,True,VarianceThreshold,True,MaxAbsScaler,False,None,None,None,HistGradientBoostingClassifier,roc_auc_score,0.9891142760189906,0.0034281991989492835,0.9906580835459183,2026-05-01_07-21-47,160.51811289787292,1117823
QFE0DA0A0BJBPO2Z,1764,602,True,SimpleImputer,True,VarianceThreshold,True,MinMaxScaler,False,None,None,None,ComplementNB,roc_auc_score,0.8949110888704963,0.0181255292943998,0.8939756058673469,2026-05-01_07-24-31,23.212802171707153,61148
ICN51DY4TWO83LSM,1764,1699,True,KNNImputer,True,VarianceThreshold,True,RobustScaler,False,None,None,None,GaussianNB,roc_auc_score,0.8258830733310288,0.018430898124674203,0.8278341238839286,2026-05-01_08-12-34,255.75847697257996,342621563
KOTAAKRMPTF5IPR4,1764,1183,True,KNNImputer,True,VarianceThreshold,True,MinMaxScaler,False,None,None,None,RadiusNeighborsClassifier,roc_auc_score,0.9392242072477996,0.01522294998727366,0.9620733019770407,2026-05-01_08-16-51,114.67978596687317,450728612
YM7QOBXE0VT7CZL9,1764,298,True,SimpleImputer,True,VarianceThreshold,True,RobustScaler,False,None,None,None,BernoulliNB,roc_auc_score,0.8233889492471166,0.01584446348806071,0.8024928252551021,2026-05-01_08-18-50,16.944047451019287,21250
431X6LZ66OC20FRY,1764,369,True,SimpleImputer,True,VarianceThreshold,True,RobustScaler,False,None,None,None,KNeighborsClassifier,roc_auc_score,0.9675881721939332,0.006493245522456626,0.9622637316645407,2026-05-01_08-19-07,93.50308537483215,66318455
CRRCWHIP8FW27V02,1764,1181,True,SimpleImputer,True,VarianceThreshold,True,MaxAbsScaler,False,None,None,None,KNeighborsClassifier,roc_auc_score,0.9486742140601908,0.010076621396242293,0.9461107900191326,2026-05-01_08-20-40,294.8581657409668,211856924
4N6MUUY91B41E0HV,1764,277,True,KNNImputer,True,VarianceThreshold,True,MaxAbsScaler,False,None,None,None,ComplementNB,roc_auc_score,0.8941129473199458,0.016462422475277374,0.8888058035714286,2026-05-01_08-25-35,6.42374587059021,55863419
54FHE59BG70PVCPO,1764,232,True,SimpleImputer,True,VarianceThreshold,True,StandardScaler,False,None,None,None,GaussianNB,roc_auc_score,0.8521257024170424,0.016510028656196107,0.8592680763711734,2026-05-01_08-25-42,9.596325635910034,18880
HODOX6BT5CIQ995R,1764,993,True,KNNImputer,True,VarianceThreshold,True,StandardScaler,False,None,None,None,LGBMClassifier,roc_auc_score,0.9912613009170059,0.0044758329802626435,0.9923301977040817,2026-05-01_19-58-47,506.6408977508545,201901739
FE2CCYS1CFAB2S3G,1764,167,True,SimpleImputer,True,VarianceThreshold,True,MinMaxScaler,False,None,None,None,XGBRFClassifier,roc_auc_score,0.9413599642336505,0.009332971530402885,0.9545884486607141,2026-05-01_20-07-27,28.373512029647827,255720
7TKXUFDUM5A78BOW,1764,545,True,SimpleImputer,True,VarianceThreshold,True,MinMaxScaler,False,None,None,None,BaggingClassifier,roc_auc_score,0.9836789616508919,0.005364679434073731,0.9857296316964285,2026-05-01_20-08-07,39630.67872714996,49413916
60G8FMC6BZL9KSHD,1764,477,True,KNNImputer,True,VarianceThreshold,True,MinMaxScaler,False,None,None,None,GradientBoostingClassifier,roc_auc_score,0.9628346656787883,0.008224644199136153,0.9694606983418368,2026-05-02_07-08-54,80.08915758132935,96878740
G070FI2APS8KO2ED,1764,427,True,KNNImputer,True,VarianceThreshold,True,MinMaxScaler,False,None,None,None,MultinomialNB,roc_auc_score,0.890453676907103,0.019416464711991332,0.9012041613520408,2026-05-02_09-55-42,26.61727738380432,86120532
YRCZPIB7HB5CPQJ8,1764,996,True,SimpleImputer,True,VarianceThreshold,True,MaxAbsScaler,False,None,None,None,NearestCentroid,roc_auc_score,0.8496958050849261,0.01700144254837594,0.857204440369898,2026-05-02_09-56-09,20.037700414657593,75805
VGKEMSVG2E4VU7H6,1764,165,True,SimpleImputer,True,VarianceThreshold,True,StandardScaler,False,None,None,None,NearestCentroid,roc_auc_score,0.8781445625314191,0.010427231855938687,0.8905659080038266,2026-05-02_10-20-14,10.294901609420776,12346
AP8MYB6W2LDCZGNK,1764,1501,True,SimpleImputer,True,VarianceThreshold,True,MaxAbsScaler,False,None,None,None,XGBClassifier,roc_auc_score,0.85342143461441,0.020858033476845356,0.8284600207270407,2026-05-02_10-20-25,134.20110416412354,38175
WQ55JRWYJENRNAFM,1764,1355,True,SimpleImputer,False,None,True,StandardScaler,False,None,None,None,GaussianNB,roc_auc_score,0.8276323895784656,0.020545728617706892,0.8229055723852041,2026-05-02_10-22-46,42.80993318557739,91987
LX1NS896A1I5K662,1764,851,True,KNNImputer,True,VarianceThreshold,True,StandardScaler,False,None,None,None,MultinomialNB,roc_auc_score,0.8933695443289732,0.019867509604282685,0.8935595703125,2026-05-02_15-13-27,19.032787084579468,171621073
AU43K2PZS1GIC3QL,1764,724,True,KNNImputer,True,VarianceThreshold,True,MinMaxScaler,False,None,None,None,AdaBoostClassifier,roc_auc_score,0.9682306524911214,0.005196887825169827,0.9663408801020408,2026-05-02_15-13-46,1346.7279906272888,146030376
WZ55M4PA5UDTP20B,1764,689,True,SimpleImputer,True,VarianceThreshold,False,None,False,None,None,None,MultinomialNB,roc_auc_score,0.8672186427332879,0.016366351247639525,0.8661136798469389,2026-05-02_15-36-13,9.40184736251831,36113
RZQVZFR0LZAQW0F9,1764,1717,True,KNNImputer,True,VarianceThreshold,False,None,False,None,None,None,ComplementNB,roc_auc_score,0.8627740655323366,0.01530692166664574,0.8582661033163266,2026-05-02_16-31-47,29.811599493026733,346237751
7H88Y0CFOD0HOV4C,1764,874,True,KNNImputer,True,VarianceThreshold,False,None,False,None,None,None,ExtraTreesClassifier,roc_auc_score,0.9287645308583317,0.00991326007100785,0.9340371890943878,2026-05-02_16-32-17,123.23485112190247,176666570
4YPE14ENMHNV5XAR,1764,490,True,KNNImputer,True,VarianceThreshold,True,MaxAbsScaler,False,None,None,None,KNeighborsClassifier,roc_auc_score,0.9489473418888761,0.00985004550060774,0.949280931122449,2026-05-02_16-34-23,2803.830647945404,191008873
C6WJJ04WCT9J8NMS,1764,1315,True,SimpleImputer,True,VarianceThreshold,True,RobustScaler,False,None,None,None,LGBMClassifier,roc_auc_score,0.9748300965513238,0.0061301763121660744,0.976129225127551,2026-05-02_17-21-07,415.4644048213959,1349606
KH5Y4KVVR5DYGLAY,1764,1616,True,SimpleImputer,True,VarianceThreshold,False,None,False,None,None,None,AdaBoostClassifier,roc_auc_score,0.7763409945154278,0.01416432037917231,0.7906881776147959,2026-05-02_17-54-32,14978.372706890106,193014
SQYTH0VPB6I5ZMMM,1764,1539,True,SimpleImputer,True,VarianceThreshold,True,RobustScaler,False,None,None,None,LGBMClassifier,roc_auc_score,0.9915670745856037,0.0031639984673376186,0.9939690290178572,2026-05-02_22-04-11,790.4034368991852,2229181
BHHZAFII86D0VDER,1764,1445,True,KNNImputer,True,VarianceThreshold,True,MinMaxScaler,False,None,None,None,GradientBoostingClassifier,roc_auc_score,0.826703962934429,0.016499357784610494,0.8176875398596939,2026-05-02_22-17-21,65.84626293182373,291527005
D7GLUW37WC99AU45,1764,1097,True,KNNImputer,True,VarianceThreshold,True,MaxAbsScaler,False,None,None,None,XGBClassifier,roc_auc_score,0.9536239721551331,0.007633800227844588,0.9569097775829083,2026-05-02_22-18-34,8082.921607732773,222552261
4TS0Z0NZNX87XECO,1764,430,True,KNNImputer,True,VarianceThreshold,True,StandardScaler,False,None,None,None,HistGradientBoostingClassifier,roc_auc_score,0.9784261850479143,0.0063819984558923515,0.9644005102040816,2026-05-03_00-33-35,24.939382076263428,87514888
7C8W94J0APK256WF,1764,1612,True,KNNImputer,True,VarianceThreshold,True,RobustScaler,False,None,None,None,NearestCentroid,roc_auc_score,0.8328317618434917,0.016372233445796247,0.8416456074617347,2026-05-03_00-34-00,44.22192335128784,325077113
Q71Y31W8RXR12SZE,1764,750,True,SimpleImputer,True,VarianceThreshold,True,RobustScaler,False,None,None,None,ExtraTreesClassifier,roc_auc_score,0.889400058538017,0.016304809567087433,0.8853361168686225,2026-05-03_00-34-49,40.735684394836426,109068
JRVG2MKBJJQIS3Z6,1764,697,True,KNNImputer,True,VarianceThreshold,True,StandardScaler,False,None,None,None,BernoulliNB,roc_auc_score,0.8169857354670844,0.009750787460555462,0.8080983936543367,2026-05-03_00-35-48,18.229981899261475,140564234
VCSU7TC0NDPWJPQP,1764,505,True,KNNImputer,True,VarianceThreshold,False,None,False,None,None,None,HistGradientBoostingClassifier,roc_auc_score,0.9602427530364057,0.012610690462999577,0.9716801857461735,2026-05-03_00-36-20,113.5670394897461,103233397
